block_group_geoid,precinct_id,municipality,ward,precinct,precinct_name,assigned_block_count,assigned_population_2020,assigned_housing_units_2020,assigned_land_area_sq_m_2020,block_group_population_2020,block_group_housing_units_2020,block_group_land_area_sq_m_2020,block_group_water_area_sq_m_2020,person_weight,person_weight_basis,household_weight,household_weight_basis,district_person_weight_share,district_household_weight_share
250173571002,BEL-00-01,Belmont,,1,Belmont Precinct 1,6,807,391,83186,2447,1149,489960,81055,0.32979158,population_2020,0.34029591,housing_units_2020,1.0,1.0
250173572001,BEL-00-01,Belmont,,1,Belmont Precinct 1,28,1848,701,854142,1848,701,854142,48597,1.0,population_2020,1.0,housing_units_2020,1.0,1.0
250173572002,BEL-00-01,Belmont,,1,Belmont Precinct 1,17,812,286,384278,1395,464,588434,1806,0.58207885,population_2020,0.61637931,housing_units_2020,1.0,1.0
250173571001,BEL-00-02,Belmont,,2,Belmont Precinct 2,19,950,336,581364,950,336,581364,0,1.0,population_2020,1.0,housing_units_2020,1.0,1.0
250173571004,BEL-00-02,Belmont,,2,Belmont Precinct 2,5,258,99,120727,983,353,355258,0,0.26246185,population_2020,0.28045326,housing_units_2020,1.0,1.0
250173577001,BEL-00-02,Belmont,,2,Belmont Precinct 2,5,151,48,327601,1122,465,2364985,18728,0.13458111,population_2020,0.10322581,housing_units_2020,1.0,1.0
250173578001,BEL-00-02,Belmont,,2,Belmont Precinct 2,21,949,319,850389,949,319,850389,0,1.0,population_2020,1.0,housing_units_2020,1.0,1.0
250173578003,BEL-00-02,Belmont,,2,Belmont Precinct 2,21,1145,380,1999197,1234,405,2108191,5852,0.92787682,population_2020,0.9382716,housing_units_2020,1.0,1.0
250173581003,BEL-00-02,Belmont,,2,Belmont Precinct 2,1,0,0,306461,1593,543,2339275,9127,0.0,population_2020,0.0,housing_units_2020,0.0,0.0
250173577001,BEL-00-03,Belmont,,3,Belmont Precinct 3,25,971,417,2037384,1122,465,2364985,18728,0.86541889,population_2020,0.89677419,housing_units_2020,1.0,1.0
250173577003,BEL-00-03,Belmont,,3,Belmont Precinct 3,9,919,364,283341,1080,432,323153,0,0.85092593,population_2020,0.84259259,housing_units_2020,1.0,1.0
250173577004,BEL-00-03,Belmont,,3,Belmont Precinct 3,2,196,86,24613,1109,469,160557,0,0.1767358,population_2020,0.18336887,housing_units_2020,1.0,1.0
250173578002,BEL-00-03,Belmont,,3,Belmont Precinct 3,7,368,132,135984,898,349,290737,0,0.40979955,population_2020,0.3782235,housing_units_2020,1.0,1.0
250173578003,BEL-00-03,Belmont,,3,Belmont Precinct 3,3,89,25,108994,1234,405,2108191,5852,0.07212318,population_2020,0.0617284,housing_units_2020,1.0,1.0
250173578004,BEL-00-03,Belmont,,3,Belmont Precinct 3,10,943,334,246170,943,334,246170,0,1.0,population_2020,1.0,housing_units_2020,1.0,1.0
250173576001,BEL-00-04,Belmont,,4,Belmont Precinct 4,7,844,347,159676,1098,442,192933,0,0.76867031,population_2020,0.78506787,housing_units_2020,1.0,1.0
250173576002,BEL-00-04,Belmont,,4,Belmont Precinct 4,20,1567,649,295009,1567,649,295009,0,1.0,population_2020,1.0,housing_units_2020,1.0,1.0
250173577002,BEL-00-04,Belmont,,4,Belmont Precinct 4,8,828,356,152303,828,356,152303,1128,1.0,population_2020,1.0,housing_units_2020,1.0,1.0
250173577003,BEL-00-04,Belmont,,4,Belmont Precinct 4,4,161,68,39812,1080,432,323153,0,0.14907407,population_2020,0.15740741,housing_units_2020,1.0,1.0
250173575002,BEL-00-05,Belmont,,5,Belmont Precinct 5,7,662,405,131614,662,405,131614,0,1.0,population_2020,1.0,housing_units_2020,1.0,1.0
250173575003,BEL-00-05,Belmont,,5,Belmont Precinct 5,8,898,345,177403,898,345,177403,0,1.0,population_2020,1.0,housing_units_2020,1.0,1.0
250173576001,BEL-00-05,Belmont,,5,Belmont Precinct 5,2,254,95,33257,1098,442,192933,0,0.23132969,population_2020,0.21493213,housing_units_2020,1.0,1.0
250173577004,BEL-00-05,Belmont,,5,Belmont Precinct 5,9,913,383,135944,1109,469,160557,0,0.8232642,population_2020,0.81663113,housing_units_2020,1.0,1.0
250173578002,BEL-00-05,Belmont,,5,Belmont Precinct 5,10,530,217,154753,898,349,290737,0,0.59020045,population_2020,0.6217765,housing_units_2020,1.0,1.0
250173572002,BEL-00-06,Belmont,,6,Belmont Precinct 6,11,583,178,204156,1395,464,588434,1806,0.41792115,population_2020,0.38362069,housing_units_2020,1.0,1.0
250173574001,BEL-00-06,Belmont,,6,Belmont Precinct 6,14,638,243,182449,799,304,216422,0,0.79849812,population_2020,0.79934211,housing_units_2020,1.0,1.0
250173574002,BEL-00-06,Belmont,,6,Belmont Precinct 6,16,801,298,189958,801,298,189958,0,1.0,population_2020,1.0,housing_units_2020,1.0,1.0
250173574003,BEL-00-06,Belmont,,6,Belmont Precinct 6,13,772,343,261921,772,343,261921,26346,1.0,population_2020,1.0,housing_units_2020,1.0,1.0
250173575001,BEL-00-06,Belmont,,6,Belmont Precinct 6,9,695,280,173122,695,280,173122,0,1.0,population_2020,1.0,housing_units_2020,1.0,1.0
250173573001,BEL-00-07,Belmont,,7,Belmont Precinct 7,23,963,360,298176,963,360,298176,0,1.0,population_2020,1.0,housing_units_2020,1.0,1.0
250173573002,BEL-00-07,Belmont,,7,Belmont Precinct 7,16,1102,503,196734,1102,503,196734,0,1.0,population_2020,1.0,housing_units_2020,1.0,1.0
250173573003,BEL-00-07,Belmont,,7,Belmont Precinct 7,11,1052,460,154970,1052,460,154970,0,1.0,population_2020,1.0,housing_units_2020,1.0,1.0
250173574001,BEL-00-07,Belmont,,7,Belmont Precinct 7,2,161,61,33973,799,304,216422,0,0.20150188,population_2020,0.20065789,housing_units_2020,1.0,1.0
250173571002,BEL-00-08,Belmont,,8,Belmont Precinct 8,26,1640,758,406774,2447,1149,489960,81055,0.67020842,population_2020,0.65970409,housing_units_2020,1.0,1.0
250173571003,BEL-00-08,Belmont,,8,Belmont Precinct 8,21,1100,361,384036,1100,361,384036,0,1.0,population_2020,1.0,housing_units_2020,1.0,1.0
250173571004,BEL-00-08,Belmont,,8,Belmont Precinct 8,13,725,254,234531,983,353,355258,0,0.73753815,population_2020,0.71954674,housing_units_2020,1.0,1.0
250250103001,BOS-04-10,Boston,4,10,Boston Ward 4 Precinct 10,7,1638,192,146682,1638,192,146682,0,1.0,population_2020,1.0,housing_units_2020,1.0,1.0
250250103002,BOS-04-10,Boston,4,10,Boston Ward 4 Precinct 10,15,3548,174,360526,3548,174,360526,0,1.0,population_2020,1.0,housing_units_2020,1.0,1.0
250250104041,BOS-04-10,Boston,4,10,Boston Ward 4 Precinct 10,1,407,54,6807,1744,300,34912,0,0.23337156,population_2020,0.18,housing_units_2020,0.23337156,0.18
250250104052,BOS-04-10,Boston,4,10,Boston Ward 4 Precinct 10,1,142,75,4677,2357,646,84520,0,0.06024608,population_2020,0.11609907,housing_units_2020,1.0,1.0
250250810015,BOS-04-10,Boston,4,10,Boston Ward 4 Precinct 10,12,359,166,243153,548,282,275977,0,0.65510949,population_2020,0.58865248,housing_units_2020,0.65510949,0.58865248
250259818001,BOS-04-10,Boston,4,10,Boston Ward 4 Precinct 10,6,0,0,110959,23,10,714667,371483,0.0,population_2020,0.0,housing_units_2020,0.56521739,0.1
250250104052,BOS-04-12,Boston,4,12,Boston Ward 4 Precinct 12,13,2215,571,79843,2357,646,84520,0,0.93975392,population_2020,0.88390093,housing_units_2020,1.0,1.0
250259818001,BOS-04-12,Boston,4,12,Boston Ward 4 Precinct 12,4,0,0,78747,23,10,714667,371483,0.0,population_2020,0.0,housing_units_2020,0.56521739,0.1
250250102051,BOS-05-02,Boston,5,2,Boston Ward 5 Precinct 2,5,1260,866,45373,1260,866,45373,0,1.0,population_2020,1.0,housing_units_2020,1.0,1.0
250250104081,BOS-05-02,Boston,5,2,Boston Ward 5 Precinct 2,5,1438,981,43381,1438,981,43381,0,1.0,population_2020,1.0,housing_units_2020,1.0,1.0
250259818001,BOS-05-02,Boston,5,2,Boston Ward 5 Precinct 2,5,13,1,107344,23,10,714667,371483,0.56521739,population_2020,0.1,housing_units_2020,0.56521739,0.1
250250101031,BOS-05-10,Boston,5,10,Boston Ward 5 Precinct 10,3,336,268,25372,2126,278,101365,0,0.15804327,population_2020,0.96402878,housing_units_2020,1.0,1.0
250250101032,BOS-05-10,Boston,5,10,Boston Ward 5 Precinct 10,6,1200,52,41728,1200,52,41728,0,1.0,population_2020,1.0,housing_units_2020,1.0,1.0
250250101033,BOS-05-10,Boston,5,10,Boston Ward 5 Precinct 10,4,1104,51,41093,1371,90,145012,0,0.80525164,population_2020,0.56666667,housing_units_2020,1.0,1.0
250250101041,BOS-05-10,Boston,5,10,Boston Ward 5 Precinct 10,6,0,0,12168,1398,849,96870,2015,0.0,population_2020,0.0,housing_units_2020,1.0,1.0
250250101042,BOS-05-10,Boston,5,10,Boston Ward 5 Precinct 10,11,1923,416,72059,2503,583,82850,1435,0.76827807,population_2020,0.7135506,housing_units_2020,1.0,1.0
250250101043,BOS-05-10,Boston,5,10,Boston Ward 5 Precinct 10,17,1162,693,101961,1162,693,101961,1562,1.0,population_2020,1.0,housing_units_2020,1.0,1.0
250259815011,BOS-05-10,Boston,5,10,Boston Ward 5 Precinct 10,6,0,0,73943,13,1,897748,1204480,0.0,population_2020,0.0,housing_units_2020,0.30769231,1.0
250250102054,BOS-05-12,Boston,5,12,Boston Ward 5 Precinct 12,4,1082,717,59380,1082,717,59380,0,1.0,population_2020,1.0,housing_units_2020,1.0,1.0
250250102061,BOS-05-12,Boston,5,12,Boston Ward 5 Precinct 12,4,879,651,115852,879,651,115852,0,1.0,population_2020,1.0,housing_units_2020,1.0,1.0
250250102062,BOS-05-12,Boston,5,12,Boston Ward 5 Precinct 12,3,813,446,36722,1275,733,66429,1185,0.63764706,population_2020,0.60845839,housing_units_2020,1.0,1.0
250250101041,BOS-05-15,Boston,5,15,Boston Ward 5 Precinct 15,11,1398,849,84702,1398,849,96870,2015,1.0,population_2020,1.0,housing_units_2020,1.0,1.0
250250101042,BOS-05-15,Boston,5,15,Boston Ward 5 Precinct 15,1,580,167,10791,2503,583,82850,1435,0.23172193,population_2020,0.2864494,housing_units_2020,1.0,1.0
250250102062,BOS-05-15,Boston,5,15,Boston Ward 5 Precinct 15,3,462,287,29707,1275,733,66429,1185,0.36235294,population_2020,0.39154161,housing_units_2020,1.0,1.0
250259818001,BOS-05-15,Boston,5,15,Boston Ward 5 Precinct 15,1,0,0,1126,23,10,714667,371483,0.0,population_2020,0.0,housing_units_2020,0.56521739,0.1
250250102042,BOS-21-01,Boston,21,1,Boston Ward 21 Precinct 1,11,1344,482,67706,1344,482,67706,607,1.0,population_2020,1.0,housing_units_2020,1.0,1.0
250250102043,BOS-21-01,Boston,21,1,Boston Ward 21 Precinct 1,7,739,467,124345,968,621,145889,0,0.76342975,population_2020,0.75201288,housing_units_2020,1.0,1.0
250250102052,BOS-21-01,Boston,21,1,Boston Ward 21 Precinct 1,3,920,571,40462,920,571,40462,0,1.0,population_2020,1.0,housing_units_2020,1.0,1.0
250250102053,BOS-21-01,Boston,21,1,Boston Ward 21 Precinct 1,3,1644,1118,37558,1644,1118,37558,0,1.0,population_2020,1.0,housing_units_2020,1.0,1.0
250259818001,BOS-21-01,Boston,21,1,Boston Ward 21 Precinct 1,3,0,0,25834,23,10,714667,371483,0.0,population_2020,0.0,housing_units_2020,0.56521739,0.1
250250008071,BOS-21-02,Boston,21,2,Boston Ward 21 Precinct 2,14,2282,40,218592,2282,40,218592,0,1.0,population_2020,1.0,housing_units_2020,1.0,1.0
250250101031,BOS-21-02,Boston,21,2,Boston Ward 21 Precinct 2,6,1790,10,75993,2126,278,101365,0,0.84195673,population_2020,0.03597122,housing_units_2020,1.0,1.0
250250101033,BOS-21-02,Boston,21,2,Boston Ward 21 Precinct 2,8,267,39,103919,1371,90,145012,0,0.19474836,population_2020,0.43333333,housing_units_2020,1.0,1.0
250250102041,BOS-21-02,Boston,21,2,Boston Ward 21 Precinct 2,11,1131,235,39817,1131,235,39817,0,1.0,population_2020,1.0,housing_units_2020,1.0,1.0
250250102043,BOS-21-02,Boston,21,2,Boston Ward 21 Precinct 2,3,229,154,21544,968,621,145889,0,0.23657025,population_2020,0.24798712,housing_units_2020,1.0,1.0
250259815011,BOS-21-02,Boston,21,2,Boston Ward 21 Precinct 2,7,0,0,43220,13,1,897748,1204480,0.0,population_2020,0.0,housing_units_2020,0.30769231,1.0
250250007031,BOS-21-03,Boston,21,3,Boston Ward 21 Precinct 3,12,1045,698,76842,1045,698,76842,0,1.0,population_2020,1.0,housing_units_2020,1.0,1.0
250250007032,BOS-21-03,Boston,21,3,Boston Ward 21 Precinct 3,5,1195,605,61460,1397,677,105045,0,0.85540444,population_2020,0.89364845,housing_units_2020,1.0,1.0
250250008053,BOS-21-03,Boston,21,3,Boston Ward 21 Precinct 3,8,1683,675,138949,1683,675,138949,0,1.0,population_2020,1.0,housing_units_2020,1.0,1.0
250250008051,BOS-21-04,Boston,21,4,Boston Ward 21 Precinct 4,7,1797,785,121953,1797,785,121953,0,1.0,population_2020,1.0,housing_units_2020,1.0,1.0
250250008052,BOS-21-04,Boston,21,4,Boston Ward 21 Precinct 4,6,1136,496,108977,1136,496,108977,0,1.0,population_2020,1.0,housing_units_2020,1.0,1.0
250250007032,BOS-21-05,Boston,21,5,Boston Ward 21 Precinct 5,3,202,72,43585,1397,677,105045,0,0.14459556,population_2020,0.10635155,housing_units_2020,1.0,1.0
250250007041,BOS-21-05,Boston,21,5,Boston Ward 21 Precinct 5,3,852,408,50167,1814,811,109787,0,0.46968026,population_2020,0.50308261,housing_units_2020,1.0,1.0
250250007042,BOS-21-05,Boston,21,5,Boston Ward 21 Precinct 5,3,454,232,21240,1299,732,42459,0,0.34949962,population_2020,0.31693989,housing_units_2020,1.0,1.0
250250007043,BOS-21-05,Boston,21,5,Boston Ward 21 Precinct 5,3,1122,644,39100,1122,644,39100,0,1.0,population_2020,1.0,housing_units_2020,1.0,1.0
250250007044,BOS-21-05,Boston,21,5,Boston Ward 21 Precinct 5,7,318,129,32020,1077,548,48433,0,0.29526462,population_2020,0.23540146,housing_units_2020,1.0,1.0
250250006011,BOS-21-06,Boston,21,6,Boston Ward 21 Precinct 6,8,685,224,144820,685,224,144820,0,1.0,population_2020,1.0,housing_units_2020,1.0,1.0
250250006041,BOS-21-06,Boston,21,6,Boston Ward 21 Precinct 6,8,814,323,71644,1519,709,164762,0,0.53587887,population_2020,0.45557123,housing_units_2020,1.0,1.0
250250006042,BOS-21-06,Boston,21,6,Boston Ward 21 Precinct 6,1,215,99,20777,1072,628,122302,0,0.2005597,population_2020,0.15764331,housing_units_2020,1.0,1.0
250250007041,BOS-21-06,Boston,21,6,Boston Ward 21 Precinct 6,1,309,125,22553,1814,811,109787,0,0.17034179,population_2020,0.1541307,housing_units_2020,1.0,1.0
250250006041,BOS-21-07,Boston,21,7,Boston Ward 21 Precinct 7,1,705,386,93118,1519,709,164762,0,0.46412113,population_2020,0.54442877,housing_units_2020,1.0,1.0
250250007014,BOS-21-07,Boston,21,7,Boston Ward 21 Precinct 7,2,586,261,24180,1511,778,65452,0,0.38782263,population_2020,0.33547558,housing_units_2020,1.0,1.0
250250007041,BOS-21-07,Boston,21,7,Boston Ward 21 Precinct 7,3,653,278,37067,1814,811,109787,0,0.35997795,population_2020,0.34278668,housing_units_2020,1.0,1.0
250250007044,BOS-21-07,Boston,21,7,Boston Ward 21 Precinct 7,1,759,419,16413,1077,548,48433,0,0.70473538,population_2020,0.76459854,housing_units_2020,1.0,1.0
250250007011,BOS-21-08,Boston,21,8,Boston Ward 21 Precinct 8,7,616,317,27862,616,317,27862,0,1.0,population_2020,1.0,housing_units_2020,1.0,1.0
250250007012,BOS-21-08,Boston,21,8,Boston Ward 21 Precinct 8,5,869,512,55255,869,512,55255,0,1.0,population_2020,1.0,housing_units_2020,1.0,1.0
250250007014,BOS-21-08,Boston,21,8,Boston Ward 21 Precinct 8,7,925,517,41272,1511,778,65452,0,0.61217737,population_2020,0.66452442,housing_units_2020,1.0,1.0
250250007042,BOS-21-08,Boston,21,8,Boston Ward 21 Precinct 8,2,845,500,21219,1299,732,42459,0,0.65050038,population_2020,0.68306011,housing_units_2020,1.0,1.0
250250006031,BOS-21-09,Boston,21,9,Boston Ward 21 Precinct 9,5,1117,615,278126,1757,1012,312487,0,0.63574274,population_2020,0.60770751,housing_units_2020,1.0,1.0
250250006042,BOS-21-09,Boston,21,9,Boston Ward 21 Precinct 9,3,857,529,101525,1072,628,122302,0,0.7994403,population_2020,0.84235669,housing_units_2020,1.0,1.0
250250007013,BOS-21-09,Boston,21,9,Boston Ward 21 Precinct 9,14,1521,777,81871,1521,777,81871,0,1.0,population_2020,1.0,housing_units_2020,1.0,1.0
250250004011,BOS-21-10,Boston,21,10,Boston Ward 21 Precinct 10,1,353,215,12013,1521,868,54141,0,0.23208416,population_2020,0.24769585,housing_units_2020,1.0,1.0
250250005051,BOS-21-10,Boston,21,10,Boston Ward 21 Precinct 10,7,809,465,42554,809,465,42554,0,1.0,population_2020,1.0,housing_units_2020,1.0,1.0
250250005053,BOS-21-10,Boston,21,10,Boston Ward 21 Precinct 10,3,499,190,54768,499,190,54768,0,1.0,population_2020,1.0,housing_units_2020,1.0,1.0
250250006031,BOS-21-10,Boston,21,10,Boston Ward 21 Precinct 10,2,640,397,34361,1757,1012,312487,0,0.36425726,population_2020,0.39229249,housing_units_2020,1.0,1.0
250250004011,BOS-21-11,Boston,21,11,Boston Ward 21 Precinct 11,3,1168,653,42128,1521,868,54141,0,0.76791584,population_2020,0.75230415,housing_units_2020,1.0,1.0
250250004012,BOS-21-11,Boston,21,11,Boston Ward 21 Precinct 11,5,1204,532,107461,1204,532,107461,0,1.0,population_2020,1.0,housing_units_2020,1.0,1.0
250250004013,BOS-21-11,Boston,21,11,Boston Ward 21 Precinct 11,2,432,175,46254,1056,422,116847,0,0.40909091,population_2020,0.41469194,housing_units_2020,1.0,1.0
250250005052,BOS-21-12,Boston,21,12,Boston Ward 21 Precinct 12,5,888,429,46755,888,429,46755,0,1.0,population_2020,1.0,housing_units_2020,1.0,1.0
250250005061,BOS-21-12,Boston,21,12,Boston Ward 21 Precinct 12,9,1478,866,100714,1478,866,100714,0,1.0,population_2020,1.0,housing_units_2020,1.0,1.0
250250005062,BOS-21-12,Boston,21,12,Boston Ward 21 Precinct 12,2,177,96,15625,1417,774,88059,0,0.12491179,population_2020,0.12403101,housing_units_2020,1.0,1.0
250250004013,BOS-21-13,Boston,21,13,Boston Ward 21 Precinct 13,2,127,41,21073,1056,422,116847,0,0.12026515,population_2020,0.0971564,housing_units_2020,1.0,1.0
250250004014,BOS-21-13,Boston,21,13,Boston Ward 21 Precinct 13,6,2072,1232,152593,2072,1232,152593,0,1.0,population_2020,1.0,housing_units_2020,1.0,1.0
250250004023,BOS-21-13,Boston,21,13,Boston Ward 21 Precinct 13,1,166,71,28911,1208,514,261633,0,0.13741722,population_2020,0.1381323,housing_units_2020,1.0,1.0
250250005031,BOS-21-13,Boston,21,13,Boston Ward 21 Precinct 13,8,787,428,64236,787,428,64236,0,1.0,population_2020,1.0,housing_units_2020,1.0,1.0
250250005021,BOS-21-14,Boston,21,14,Boston Ward 21 Precinct 14,3,442,241,31320,1043,630,159471,0,0.42377756,population_2020,0.38253968,housing_units_2020,1.0,1.0
250250005062,BOS-21-14,Boston,21,14,Boston Ward 21 Precinct 14,6,1240,678,72434,1417,774,88059,0,0.87508821,population_2020,0.87596899,housing_units_2020,1.0,1.0
250250005021,BOS-21-15,Boston,21,15,Boston Ward 21 Precinct 15,2,324,178,15836,1043,630,159471,0,0.31064238,population_2020,0.28253968,housing_units_2020,1.0,1.0
250250005023,BOS-21-15,Boston,21,15,Boston Ward 21 Precinct 15,3,491,287,35528,1577,986,87336,0,0.31135067,population_2020,0.29107505,housing_units_2020,1.0,1.0
250250005032,BOS-21-15,Boston,21,15,Boston Ward 21 Precinct 15,6,1185,753,52859,1631,1051,75711,0,0.72654813,population_2020,0.71646051,housing_units_2020,1.0,1.0
250250005021,BOS-21-16,Boston,21,16,Boston Ward 21 Precinct 16,2,277,211,112315,1043,630,159471,0,0.26558006,population_2020,0.33492063,housing_units_2020,1.0,1.0
250250005022,BOS-21-16,Boston,21,16,Boston Ward 21 Precinct 16,8,1710,536,350523,1710,536,350523,334529,1.0,population_2020,1.0,housing_units_2020,1.0,1.0
250250005023,BOS-21-16,Boston,21,16,Boston Ward 21 Precinct 16,2,1086,699,51808,1577,986,87336,0,0.68864933,population_2020,0.70892495,housing_units_2020,1.0,1.0
250250005024,BOS-21-16,Boston,21,16,Boston Ward 21 Precinct 16,5,2656,0,250374,2656,0,250374,0,1.0,population_2020,1.0,population_2020_fallback,1.0,1.0
250250005032,BOS-21-16,Boston,21,16,Boston Ward 21 Precinct 16,2,446,298,22852,1631,1051,75711,0,0.27345187,population_2020,0.28353949,housing_units_2020,1.0,1.0
250250001011,BOS-22-01,Boston,22,1,Boston Ward 22 Precinct 1,2,160,60,19011,1052,422,140302,0,0.15209125,population_2020,0.14218009,housing_units_2020,1.0,1.0
250250001012,BOS-22-01,Boston,22,1,Boston Ward 22 Precinct 1,5,482,194,54830,824,304,109622,0,0.58495146,population_2020,0.63815789,housing_units_2020,1.0,1.0
250250008041,BOS-22-01,Boston,22,1,Boston Ward 22 Precinct 1,2,0,0,7611,2027,848,287850,0,0.0,population_2020,0.0,housing_units_2020,1.0,1.0
250250008042,BOS-22-01,Boston,22,1,Boston Ward 22 Precinct 1,14,1604,600,306053,1786,676,319745,0,0.8980963,population_2020,0.88757396,housing_units_2020,1.0,1.0
250250008061,BOS-22-01,Boston,22,1,Boston Ward 22 Precinct 1,2,53,16,168341,53,16,168341,0,1.0,population_2020,1.0,housing_units_2020,1.0,1.0
250250008062,BOS-22-01,Boston,22,1,Boston Ward 22 Precinct 1,25,1901,1038,846972,1901,1038,846972,0,1.0,population_2020,1.0,housing_units_2020,1.0,1.0
250250008063,BOS-22-01,Boston,22,1,Boston Ward 22 Precinct 1,3,18,1,401867,18,1,401867,0,1.0,population_2020,1.0,housing_units_2020,1.0,1.0
250259815011,BOS-22-01,Boston,22,1,Boston Ward 22 Precinct 1,16,4,1,272172,13,1,897748,1204480,0.30769231,population_2020,1.0,housing_units_2020,0.30769231,1.0
250250001011,BOS-22-02,Boston,22,2,Boston Ward 22 Precinct 2,6,892,362,121291,1052,422,140302,0,0.84790875,population_2020,0.85781991,housing_units_2020,1.0,1.0
250250001012,BOS-22-02,Boston,22,2,Boston Ward 22 Precinct 2,5,342,110,54792,824,304,109622,0,0.41504854,population_2020,0.36184211,housing_units_2020,1.0,1.0
250250001021,BOS-22-02,Boston,22,2,Boston Ward 22 Precinct 2,1,102,39,74532,1020,383,171144,0,0.1,population_2020,0.10182768,housing_units_2020,1.0,1.0
250250001022,BOS-22-02,Boston,22,2,Boston Ward 22 Precinct 2,3,488,262,65011,2694,1312,896291,0,0.18114328,population_2020,0.19969512,housing_units_2020,1.0,1.0
250250008041,BOS-22-02,Boston,22,2,Boston Ward 22 Precinct 2,17,2027,848,280239,2027,848,287850,0,1.0,population_2020,1.0,housing_units_2020,1.0,1.0
250250008042,BOS-22-02,Boston,22,2,Boston Ward 22 Precinct 2,1,182,76,13692,1786,676,319745,0,0.1019037,population_2020,0.11242604,housing_units_2020,1.0,1.0
250250002021,BOS-22-03,Boston,22,3,Boston Ward 22 Precinct 3,1,84,28,22779,828,361,131285,0,0.10144928,population_2020,0.07756233,housing_units_2020,1.0,1.0
250250002023,BOS-22-03,Boston,22,3,Boston Ward 22 Precinct 3,7,1110,407,137283,2516,935,347313,0,0.44117647,population_2020,0.43529412,housing_units_2020,1.0,1.0
250250004013,BOS-22-03,Boston,22,3,Boston Ward 22 Precinct 3,3,497,206,49520,1056,422,116847,0,0.47064394,population_2020,0.48815166,housing_units_2020,1.0,1.0
250250004023,BOS-22-03,Boston,22,3,Boston Ward 22 Precinct 3,1,132,80,17241,1208,514,261633,0,0.10927152,population_2020,0.15564202,housing_units_2020,1.0,1.0
250250006012,BOS-22-03,Boston,22,3,Boston Ward 22 Precinct 3,15,1211,560,177210,1211,560,177210,0,1.0,population_2020,1.0,housing_units_2020,1.0,1.0
250250003014,BOS-22-04,Boston,22,4,Boston Ward 22 Precinct 4,5,934,473,126505,934,473,126505,0,1.0,population_2020,1.0,housing_units_2020,1.0,1.0
250250003021,BOS-22-04,Boston,22,4,Boston Ward 22 Precinct 4,8,859,340,111878,1471,616,269292,0,0.58395649,population_2020,0.55194805,housing_units_2020,1.0,1.0
250250003022,BOS-22-04,Boston,22,4,Boston Ward 22 Precinct 4,3,274,111,87139,1601,755,320687,46101,0.17114304,population_2020,0.14701987,housing_units_2020,1.0,1.0
250250001021,BOS-22-05,Boston,22,5,Boston Ward 22 Precinct 5,9,918,344,96612,1020,383,171144,0,0.9,population_2020,0.89817232,housing_units_2020,1.0,1.0
250250001022,BOS-22-05,Boston,22,5,Boston Ward 22 Precinct 5,24,1946,959,580503,2694,1312,896291,0,0.72234595,population_2020,0.73094512,housing_units_2020,1.0,1.0
250259815011,BOS-22-05,Boston,22,5,Boston Ward 22 Precinct 5,2,0,0,121504,13,1,897748,1204480,0.0,population_2020,0.0,housing_units_2020,0.30769231,1.0
250250006013,BOS-22-06,Boston,22,6,Boston Ward 22 Precinct 6,12,846,301,84833,846,301,84833,0,1.0,population_2020,1.0,housing_units_2020,1.0,1.0
250250006014,BOS-22-06,Boston,22,6,Boston Ward 22 Precinct 6,8,1016,525,88403,1016,525,88403,0,1.0,population_2020,1.0,housing_units_2020,1.0,1.0
250250002012,BOS-22-07,Boston,22,7,Boston Ward 22 Precinct 7,1,253,93,24537,863,322,97531,0,0.29316338,population_2020,0.28881988,housing_units_2020,1.0,1.0
250250002013,BOS-22-07,Boston,22,7,Boston Ward 22 Precinct 7,6,1303,548,175302,1303,548,175302,0,1.0,population_2020,1.0,housing_units_2020,1.0,1.0
250250002014,BOS-22-07,Boston,22,7,Boston Ward 22 Precinct 7,1,267,101,28684,821,377,85400,0,0.32521315,population_2020,0.26790451,housing_units_2020,1.0,1.0
250250003011,BOS-22-07,Boston,22,7,Boston Ward 22 Precinct 7,2,263,115,64385,715,272,221956,0,0.36783217,population_2020,0.42279412,housing_units_2020,1.0,1.0
250250003021,BOS-22-07,Boston,22,7,Boston Ward 22 Precinct 7,2,369,159,55949,1471,616,269292,0,0.25084976,population_2020,0.25811688,housing_units_2020,1.0,1.0
250250003022,BOS-22-08,Boston,22,8,Boston Ward 22 Precinct 8,6,1327,644,233548,1601,755,320687,46101,0.82885696,population_2020,0.85298013,housing_units_2020,1.0,1.0
250250004022,BOS-22-08,Boston,22,8,Boston Ward 22 Precinct 8,14,864,330,367511,967,373,383015,0,0.89348501,population_2020,0.8847185,housing_units_2020,1.0,1.0
250250004021,BOS-22-09,Boston,22,9,Boston Ward 22 Precinct 9,7,1469,734,162121,1469,734,162121,0,1.0,population_2020,1.0,housing_units_2020,1.0,1.0
250250004022,BOS-22-09,Boston,22,9,Boston Ward 22 Precinct 9,1,103,43,15504,967,373,383015,0,0.10651499,population_2020,0.1152815,housing_units_2020,1.0,1.0
250250004023,BOS-22-09,Boston,22,9,Boston Ward 22 Precinct 9,4,775,294,154614,1208,514,261633,0,0.64155629,population_2020,0.57198444,housing_units_2020,1.0,1.0
250250002012,BOS-22-10,Boston,22,10,Boston Ward 22 Precinct 10,3,427,156,49821,863,322,97531,0,0.49478563,population_2020,0.48447205,housing_units_2020,1.0,1.0
250250002014,BOS-22-10,Boston,22,10,Boston Ward 22 Precinct 10,3,554,276,56716,821,377,85400,0,0.67478685,population_2020,0.73209549,housing_units_2020,1.0,1.0
250250002021,BOS-22-10,Boston,22,10,Boston Ward 22 Precinct 10,3,744,333,108506,828,361,131285,0,0.89855072,population_2020,0.92243767,housing_units_2020,1.0,1.0
250250002022,BOS-22-10,Boston,22,10,Boston Ward 22 Precinct 10,3,176,70,30782,804,310,123038,0,0.21890547,population_2020,0.22580645,housing_units_2020,1.0,1.0
250250003021,BOS-22-10,Boston,22,10,Boston Ward 22 Precinct 10,2,243,117,101465,1471,616,269292,0,0.16519375,population_2020,0.18993506,housing_units_2020,1.0,1.0
250250004023,BOS-22-10,Boston,22,10,Boston Ward 22 Precinct 10,1,135,69,60867,1208,514,261633,0,0.11175497,population_2020,0.13424125,housing_units_2020,1.0,1.0
250250002011,BOS-22-11,Boston,22,11,Boston Ward 22 Precinct 11,15,966,361,240994,966,361,240994,0,1.0,population_2020,1.0,housing_units_2020,1.0,1.0
250250002012,BOS-22-11,Boston,22,11,Boston Ward 22 Precinct 11,1,183,73,23173,863,322,97531,0,0.21205098,population_2020,0.22670807,housing_units_2020,1.0,1.0
250250002022,BOS-22-11,Boston,22,11,Boston Ward 22 Precinct 11,1,88,37,12378,804,310,123038,0,0.10945274,population_2020,0.11935484,housing_units_2020,1.0,1.0
250250003011,BOS-22-11,Boston,22,11,Boston Ward 22 Precinct 11,5,426,152,119771,715,272,221956,0,0.5958042,population_2020,0.55882353,housing_units_2020,1.0,1.0
250259815011,BOS-22-11,Boston,22,11,Boston Ward 22 Precinct 11,2,0,0,62942,13,1,897748,1204480,0.0,population_2020,0.0,housing_units_2020,0.30769231,1.0
250250001022,BOS-22-12,Boston,22,12,Boston Ward 22 Precinct 12,10,260,91,250777,2694,1312,896291,0,0.09651076,population_2020,0.06935976,housing_units_2020,1.0,1.0
250250002022,BOS-22-12,Boston,22,12,Boston Ward 22 Precinct 12,4,540,203,79878,804,310,123038,0,0.67164179,population_2020,0.65483871,housing_units_2020,1.0,1.0
250250002023,BOS-22-12,Boston,22,12,Boston Ward 22 Precinct 12,4,1406,528,210030,2516,935,347313,0,0.55882353,population_2020,0.56470588,housing_units_2020,1.0,1.0
250259815011,BOS-22-12,Boston,22,12,Boston Ward 22 Precinct 12,4,0,0,78543,13,1,897748,1204480,0.0,population_2020,0.0,housing_units_2020,0.30769231,1.0
250250003011,BOS-22-13,Boston,22,13,Boston Ward 22 Precinct 13,1,26,5,37800,715,272,221956,0,0.03636364,population_2020,0.01838235,housing_units_2020,1.0,1.0
250250003012,BOS-22-13,Boston,22,13,Boston Ward 22 Precinct 13,3,831,322,142614,831,322,142614,0,1.0,population_2020,1.0,housing_units_2020,1.0,1.0
250250003013,BOS-22-13,Boston,22,13,Boston Ward 22 Precinct 13,7,656,270,80356,656,270,80356,0,1.0,population_2020,1.0,housing_units_2020,1.0,1.0
250173537004,CAM-08-02,Cambridge,8,2,Cambridge Precinct 8-2,3,50,15,18158,876,180,52349,0,0.05707763,population_2020,0.08333333,housing_units_2020,0.05707763,0.08333333
250173539003,CAM-08-02,Cambridge,8,2,Cambridge Precinct 8-2,5,156,35,11183,2329,79,109725,0,0.06698154,population_2020,0.44303797,housing_units_2020,0.06698154,0.44303797
250173540002,CAM-08-02,Cambridge,8,2,Cambridge Precinct 8-2,4,806,469,71788,2107,653,161996,0,0.38253441,population_2020,0.71822358,housing_units_2020,0.38253441,0.71822358
250173541001,CAM-08-02,Cambridge,8,2,Cambridge Precinct 8-2,29,1145,644,270070,1145,644,270070,0,1.0,population_2020,1.0,housing_units_2020,1.0,1.0
250173541002,CAM-08-02,Cambridge,8,2,Cambridge Precinct 8-2,24,1443,731,312658,1744,928,363852,47169,0.82740826,population_2020,0.78771552,housing_units_2020,1.0,1.0
250173545002,CAM-08-02,Cambridge,8,2,Cambridge Precinct 8-2,1,0,0,36523,1000,422,219161,0,0.0,population_2020,0.0,housing_units_2020,0.161,0.1943128
250173541002,CAM-09-01,Cambridge,9,1,Cambridge Precinct 9-1,3,301,197,51194,1744,928,363852,47169,0.17259174,population_2020,0.21228448,housing_units_2020,1.0,1.0
250173542001,CAM-09-01,Cambridge,9,1,Cambridge Precinct 9-1,4,617,281,168769,1309,575,369287,0,0.47135218,population_2020,0.48869565,housing_units_2020,1.0,1.0
250173542002,CAM-09-01,Cambridge,9,1,Cambridge Precinct 9-1,26,1020,564,893288,1020,564,893288,85875,1.0,population_2020,1.0,housing_units_2020,1.0,1.0
250173542003,CAM-09-01,Cambridge,9,1,Cambridge Precinct 9-1,10,679,304,310169,679,304,310169,0,1.0,population_2020,1.0,housing_units_2020,1.0,1.0
250173544001,CAM-09-01,Cambridge,9,1,Cambridge Precinct 9-1,1,160,86,17861,836,392,181952,0,0.19138756,population_2020,0.21938776,housing_units_2020,1.0,1.0
250173544002,CAM-09-01,Cambridge,9,1,Cambridge Precinct 9-1,8,705,321,86843,894,413,113848,0,0.7885906,population_2020,0.77723971,housing_units_2020,1.0,1.0
250173545002,CAM-09-01,Cambridge,9,1,Cambridge Precinct 9-1,1,161,82,12263,1000,422,219161,0,0.161,population_2020,0.1943128,housing_units_2020,0.161,0.1943128
250173546022,CAM-09-01,Cambridge,9,1,Cambridge Precinct 9-1,1,78,45,13434,1033,490,148493,0,0.07550823,population_2020,0.09183673,housing_units_2020,0.07550823,0.09183673
250173543002,CAM-09-02,Cambridge,9,2,Cambridge Precinct 9-2,7,447,213,148874,823,431,230867,0,0.54313487,population_2020,0.49419954,housing_units_2020,1.0,1.0
250173543003,CAM-09-02,Cambridge,9,2,Cambridge Precinct 9-2,1,239,107,688868,1321,594,865298,655856,0.18092354,population_2020,0.18013468,housing_units_2020,1.0,1.0
250173544001,CAM-09-02,Cambridge,9,2,Cambridge Precinct 9-2,7,676,306,164091,836,392,181952,0,0.80861244,population_2020,0.78061224,housing_units_2020,1.0,1.0
250173544002,CAM-09-02,Cambridge,9,2,Cambridge Precinct 9-2,3,189,92,27005,894,413,113848,0,0.2114094,population_2020,0.22276029,housing_units_2020,1.0,1.0
250173546011,CAM-09-02,Cambridge,9,2,Cambridge Precinct 9-2,1,0,0,73167,5,0,184516,0,0.0,population_2020,0.0,population_2020_fallback,0.0,0.0
250173546012,CAM-09-02,Cambridge,9,2,Cambridge Precinct 9-2,5,1641,950,580425,1641,950,580425,4512,1.0,population_2020,1.0,housing_units_2020,1.0,1.0
250173546023,CAM-09-02,Cambridge,9,2,Cambridge Precinct 9-2,6,338,165,63056,1410,683,443270,2158,0.23971631,population_2020,0.24158126,housing_units_2020,0.23971631,0.24158126
250173542001,CAM-09-03,Cambridge,9,3,Cambridge Precinct 9-3,12,692,294,200518,1309,575,369287,0,0.52864782,population_2020,0.51130435,housing_units_2020,1.0,1.0
250173543001,CAM-09-03,Cambridge,9,3,Cambridge Precinct 9-3,7,1344,628,137823,1344,628,137823,0,1.0,population_2020,1.0,housing_units_2020,1.0,1.0
250173543002,CAM-09-03,Cambridge,9,3,Cambridge Precinct 9-3,3,376,218,81993,823,431,230867,0,0.45686513,population_2020,0.50580046,housing_units_2020,1.0,1.0
250173543003,CAM-09-03,Cambridge,9,3,Cambridge Precinct 9-3,14,1082,487,176430,1321,594,865298,655856,0.81907646,population_2020,0.81986532,housing_units_2020,1.0,1.0
250173703011,WAT-00-01,Watertown,,1,Watertown Precinct 1,3,74,20,167082,641,265,236449,0,0.11544462,population_2020,0.0754717,housing_units_2020,1.0,1.0
250173703012,WAT-00-01,Watertown,,1,Watertown Precinct 1,1,117,59,20694,1260,629,215635,0,0.09285714,population_2020,0.09379968,housing_units_2020,1.0,1.0
250173703013,WAT-00-01,Watertown,,1,Watertown Precinct 1,12,1058,552,991010,1058,552,991010,7106,1.0,population_2020,1.0,housing_units_2020,1.0,1.0
250173703021,WAT-00-01,Watertown,,1,Watertown Precinct 1,12,306,248,450972,306,248,450972,54236,1.0,population_2020,1.0,housing_units_2020,1.0,1.0
250173703022,WAT-00-01,Watertown,,1,Watertown Precinct 1,15,1266,604,707374,1266,604,707374,28825,1.0,population_2020,1.0,housing_units_2020,1.0,1.0
250173704021,WAT-00-01,Watertown,,1,Watertown Precinct 1,2,0,0,29025,616,254,384187,139743,0.0,population_2020,0.0,housing_units_2020,1.0,1.0
250173703011,WAT-00-02,Watertown,,2,Watertown Precinct 2,6,567,245,69367,641,265,236449,0,0.88455538,population_2020,0.9245283,housing_units_2020,1.0,1.0
250173703012,WAT-00-02,Watertown,,2,Watertown Precinct 2,12,1143,570,194941,1260,629,215635,0,0.90714286,population_2020,0.90620032,housing_units_2020,1.0,1.0
250173704011,WAT-00-02,Watertown,,2,Watertown Precinct 2,8,1170,602,238257,1471,730,299140,0,0.79537729,population_2020,0.82465753,housing_units_2020,1.0,1.0
250173702012,WAT-00-03,Watertown,,3,Watertown Precinct 3,13,1370,646,240487,1370,646,240487,0,1.0,population_2020,1.0,housing_units_2020,1.0,1.0
250173703014,WAT-00-03,Watertown,,3,Watertown Precinct 3,8,852,388,134690,852,388,134690,0,1.0,population_2020,1.0,housing_units_2020,1.0,1.0
250173703015,WAT-00-03,Watertown,,3,Watertown Precinct 3,9,720,374,116642,720,374,116642,0,1.0,population_2020,1.0,housing_units_2020,1.0,1.0
250173702011,WAT-00-04,Watertown,,4,Watertown Precinct 4,9,1197,593,629556,1197,593,629556,0,1.0,population_2020,1.0,housing_units_2020,1.0,1.0
250173702013,WAT-00-04,Watertown,,4,Watertown Precinct 4,20,1231,535,429852,1231,535,429852,0,1.0,population_2020,1.0,housing_units_2020,1.0,1.0
250173702021,WAT-00-04,Watertown,,4,Watertown Precinct 4,2,139,76,37262,893,400,246876,0,0.1556551,population_2020,0.19,housing_units_2020,1.0,1.0
250173704011,WAT-00-04,Watertown,,4,Watertown Precinct 4,2,155,68,42826,1471,730,299140,0,0.1053705,population_2020,0.09315068,housing_units_2020,1.0,1.0
250173704012,WAT-00-04,Watertown,,4,Watertown Precinct 4,4,323,135,60856,2060,1083,375215,0,0.15679612,population_2020,0.12465374,housing_units_2020,1.0,1.0
250173704011,WAT-00-05,Watertown,,5,Watertown Precinct 5,1,146,60,18057,1471,730,299140,0,0.09925221,population_2020,0.08219178,housing_units_2020,1.0,1.0
250173704012,WAT-00-05,Watertown,,5,Watertown Precinct 5,6,1644,906,280285,2060,1083,375215,0,0.79805825,population_2020,0.8365651,housing_units_2020,1.0,1.0
250173704021,WAT-00-05,Watertown,,5,Watertown Precinct 5,8,616,254,268896,616,254,384187,139743,1.0,population_2020,1.0,housing_units_2020,1.0,1.0
250173704022,WAT-00-05,Watertown,,5,Watertown Precinct 5,13,545,258,135349,904,451,205394,0,0.60287611,population_2020,0.57206208,housing_units_2020,1.0,1.0
250173701032,WAT-00-06,Watertown,,6,Watertown Precinct 6,3,346,190,50390,1031,497,200107,0,0.33559651,population_2020,0.38229376,housing_units_2020,1.0,1.0
250173701033,WAT-00-06,Watertown,,6,Watertown Precinct 6,1,0,0,5253,763,381,204012,25693,0.0,population_2020,0.0,housing_units_2020,1.0,1.0
250173704012,WAT-00-06,Watertown,,6,Watertown Precinct 6,2,93,42,34074,2060,1083,375215,0,0.04514563,population_2020,0.03878116,housing_units_2020,1.0,1.0
250173704021,WAT-00-06,Watertown,,6,Watertown Precinct 6,3,0,0,86266,616,254,384187,139743,0.0,population_2020,0.0,housing_units_2020,1.0,1.0
250173704022,WAT-00-06,Watertown,,6,Watertown Precinct 6,6,359,193,70045,904,451,205394,0,0.39712389,population_2020,0.42793792,housing_units_2020,1.0,1.0
250173704031,WAT-00-06,Watertown,,6,Watertown Precinct 6,9,744,440,143047,744,440,143047,9734,1.0,population_2020,1.0,housing_units_2020,1.0,1.0
250173704032,WAT-00-06,Watertown,,6,Watertown Precinct 6,20,1326,601,347365,1326,601,347365,11068,1.0,population_2020,1.0,housing_units_2020,1.0,1.0
250173701012,WAT-00-07,Watertown,,7,Watertown Precinct 7,5,139,51,35146,940,386,201238,0,0.14787234,population_2020,0.13212435,housing_units_2020,1.0,1.0
250173702021,WAT-00-07,Watertown,,7,Watertown Precinct 7,4,264,123,63505,893,400,246876,0,0.2956327,population_2020,0.3075,housing_units_2020,1.0,1.0
250173702022,WAT-00-07,Watertown,,7,Watertown Precinct 7,16,987,455,197317,987,455,197317,0,1.0,population_2020,1.0,housing_units_2020,1.0,1.0
250173702023,WAT-00-07,Watertown,,7,Watertown Precinct 7,1,80,36,20730,956,425,304193,0,0.08368201,population_2020,0.08470588,housing_units_2020,1.0,1.0
250173702024,WAT-00-07,Watertown,,7,Watertown Precinct 7,18,1386,631,322437,1386,631,322437,0,1.0,population_2020,1.0,housing_units_2020,1.0,1.0
250173701012,WAT-00-08,Watertown,,8,Watertown Precinct 8,9,602,254,127718,940,386,201238,0,0.64042553,population_2020,0.65803109,housing_units_2020,1.0,1.0
250173701031,WAT-00-08,Watertown,,8,Watertown Precinct 8,3,393,184,81978,1750,975,239868,0,0.22457143,population_2020,0.18871795,housing_units_2020,1.0,1.0
250173701032,WAT-00-08,Watertown,,8,Watertown Precinct 8,4,287,117,48906,1031,497,200107,0,0.27837051,population_2020,0.23541247,housing_units_2020,1.0,1.0
250173701042,WAT-00-08,Watertown,,8,Watertown Precinct 8,3,226,98,74013,1883,956,508878,22891,0.12002124,population_2020,0.10251046,housing_units_2020,1.0,1.0
250173702021,WAT-00-08,Watertown,,8,Watertown Precinct 8,10,490,201,146109,893,400,246876,0,0.54871221,population_2020,0.5025,housing_units_2020,1.0,1.0
250173702023,WAT-00-08,Watertown,,8,Watertown Precinct 8,15,876,389,283463,956,425,304193,0,0.91631799,population_2020,0.91529412,housing_units_2020,1.0,1.0
250173701031,WAT-00-09,Watertown,,9,Watertown Precinct 9,8,1357,791,157890,1750,975,239868,0,0.77542857,population_2020,0.81128205,housing_units_2020,1.0,1.0
250173701032,WAT-00-09,Watertown,,9,Watertown Precinct 9,8,398,190,100811,1031,497,200107,0,0.38603298,population_2020,0.38229376,housing_units_2020,1.0,1.0
250173701033,WAT-00-09,Watertown,,9,Watertown Precinct 9,11,763,381,198759,763,381,204012,25693,1.0,population_2020,1.0,housing_units_2020,1.0,1.0
250173701042,WAT-00-09,Watertown,,9,Watertown Precinct 9,5,482,271,86177,1883,956,508878,22891,0.25597451,population_2020,0.2834728,housing_units_2020,1.0,1.0
250173701041,WAT-00-10,Watertown,,10,Watertown Precinct 10,19,1851,934,805795,1851,934,805795,32527,1.0,population_2020,1.0,housing_units_2020,1.0,1.0
250173701042,WAT-00-10,Watertown,,10,Watertown Precinct 10,12,1175,587,348688,1883,956,508878,22891,0.62400425,population_2020,0.61401674,housing_units_2020,1.0,1.0
250173701013,WAT-00-11,Watertown,,11,Watertown Precinct 11,18,1712,665,305400,1712,665,305400,0,1.0,population_2020,1.0,housing_units_2020,1.0,1.0
250173701014,WAT-00-11,Watertown,,11,Watertown Precinct 11,9,840,439,240669,840,439,240669,0,1.0,population_2020,1.0,housing_units_2020,1.0,1.0
250173701015,WAT-00-11,Watertown,,11,Watertown Precinct 11,11,467,158,113828,1672,687,283335,0,0.27930622,population_2020,0.22998544,housing_units_2020,1.0,1.0
250173701011,WAT-00-12,Watertown,,12,Watertown Precinct 12,27,1643,786,389124,1643,786,389124,0,1.0,population_2020,1.0,housing_units_2020,1.0,1.0
250173701012,WAT-00-12,Watertown,,12,Watertown Precinct 12,2,199,81,38374,940,386,201238,0,0.21170213,population_2020,0.20984456,housing_units_2020,1.0,1.0
250173701015,WAT-00-12,Watertown,,12,Watertown Precinct 12,10,1205,529,169507,1672,687,283335,0,0.72069378,population_2020,0.77001456,housing_units_2020,1.0,1.0
