precinct_id,block_group_geoid,housing_units_2020,population_2020,land_area_2020,block_count,minimum_overlap_pct,bg_HU100,bg_POP100,bg_AREALAND,household_weight,weight_basis,acs_occupied_bg,allocated_occupied,acs_renter_bg,allocated_renter
BOS-03-14,250250701031,379,751,107600,13,95.7900976074,379,751,107600,1.0000000000,housing units,279.0000000000,279.0000000000,231.0000000000,231.0000000000
BOS-03-14,250250701041,600,890,340815,28,0.0635437200,600,890,368819,1.0000000000,housing units,529.0000000000,529.0000000000,223.0000000000,223.0000000000
BOS-03-14,250250702011,159,438,15048,2,95.1160873040,372,932,33090,0.4274193548,housing units,517.0000000000,220.9758064516,509.0000000000,217.5564516129
BOS-03-14,250250702021,0,0,1345,1,100.0000000000,2437,4325,147603,0.0000000000,housing units,1727.0000000000,0.0000000000,1582.0000000000,0.0000000000
BOS-03-14,250250702022,456,1135,30940,6,95.6176898057,456,1135,30940,1.0000000000,housing units,342.0000000000,342.0000000000,342.0000000000,342.0000000000
BOS-03-14,250250704021,0,0,1805,2,98.3731123577,1462,2049,121646,0.0000000000,housing units,1328.0000000000,0.0000000000,1223.0000000000,0.0000000000
BOS-03-15,250250704021,1462,2049,109316,8,99.0259999774,1462,2049,121646,1.0000000000,housing units,1328.0000000000,1328.0000000000,1223.0000000000,1223.0000000000
BOS-03-15,250250704022,105,248,42142,4,99.0811741115,716,1512,125543,0.1466480447,housing units,684.0000000000,100.3072625698,562.0000000000,82.4162011173
BOS-03-16,250250705012,577,1032,61857,5,98.6925663057,601,1074,67315,0.9600665557,housing units,348.0000000000,334.1031613977,140.0000000000,134.4093178037
BOS-03-16,250250712011,546,1001,51966,7,98.5169793506,546,1013,64997,1.0000000000,housing units,612.0000000000,612.0000000000,143.0000000000,143.0000000000
BOS-03-16,250250712012,240,734,100761,7,94.7838966532,506,1231,228996,0.4743083004,housing units,515.0000000000,244.2687747036,470.0000000000,222.9249011858
BOS-03-7,250250705011,660,1149,55548,7,98.1638450112,660,1149,55548,1.0000000000,housing units,680.0000000000,680.0000000000,303.0000000000,303.0000000000
BOS-03-7,250250705021,409,737,34160,3,97.9200256608,585,1067,49329,0.6991452991,housing units,718.0000000000,501.9863247863,330.0000000000,230.7179487179
BOS-03-8,250250701023,173,588,16574,2,99.9356880516,173,588,16574,1.0000000000,housing units,61.0000000000,61.0000000000,13.0000000000,13.0000000000
BOS-03-8,250250702012,429,675,48758,3,99.6149429096,717,3058,110941,0.5983263598,housing units,455.0000000000,272.2384937238,415.0000000000,248.3054393305
BOS-03-8,250250702021,2437,4325,146258,22,98.3016553065,2437,4325,147603,1.0000000000,housing units,1727.0000000000,1727.0000000000,1582.0000000000,1582.0000000000
BOS-04-1,250250703011,422,620,26078,4,99.8206008923,697,1048,67540,0.6054519369,housing units,798.0000000000,483.1506456241,464.0000000000,280.9296987088
BOS-04-1,250250706001,647,1161,65263,8,97.4924319190,647,1161,65263,1.0000000000,housing units,508.0000000000,508.0000000000,192.0000000000,192.0000000000
BOS-04-10,250250103001,192,1638,146682,7,96.9087688152,192,1638,146682,1.0000000000,housing units,130.0000000000,130.0000000000,116.0000000000,116.0000000000
BOS-04-10,250250103002,174,3548,360526,15,100.0000000000,174,3548,360526,1.0000000000,housing units,153.0000000000,153.0000000000,135.0000000000,135.0000000000
BOS-04-10,250250104041,54,407,6807,1,99.5555347431,300,1744,34912,0.1800000000,housing units,146.0000000000,26.2800000000,146.0000000000,26.2800000000
BOS-04-10,250250104052,75,142,4677,1,97.9718364859,646,2357,84520,0.1160990712,housing units,507.0000000000,58.8622291022,399.0000000000,46.3235294118
BOS-04-10,250250810015,166,359,243153,12,98.5285375680,282,548,275977,0.5886524823,housing units,279.0000000000,164.2340425532,279.0000000000,164.2340425532
BOS-04-10,250259818001,0,0,110959,6,98.6473423073,10,23,714667,0.0000000000,housing units,16.0000000000,0.0000000000,0.0000000000,0.0000000000
BOS-04-12,250250104052,571,2215,79843,13,98.4398292056,646,2357,84520,0.8839009288,housing units,507.0000000000,448.1377708978,399.0000000000,352.6764705882
BOS-04-12,250259818001,0,0,78747,4,98.2588966851,10,23,714667,0.0000000000,housing units,16.0000000000,0.0000000000,0.0000000000,0.0000000000
BOS-04-2,250250106001,930,1330,84673,6,98.4486392807,930,1330,89292,1.0000000000,housing units,900.0000000000,900.0000000000,613.0000000000,613.0000000000
BOS-04-2,250250106003,500,625,102064,10,98.0424904199,500,625,102064,1.0000000000,housing units,371.0000000000,371.0000000000,212.0000000000,212.0000000000
BOS-04-2,250250107021,0,9,35978,2,100.0000000000,573,830,156192,0.0000000000,housing units,513.0000000000,0.0000000000,318.0000000000,0.0000000000
BOS-04-3,250250707001,642,1236,87660,11,97.7068928886,642,1236,87660,1.0000000000,housing units,777.0000000000,777.0000000000,650.0000000000,650.0000000000
BOS-04-3,250250707002,694,1291,75036,13,95.6772315049,694,1291,75036,1.0000000000,housing units,682.0000000000,682.0000000000,319.0000000000,319.0000000000
BOS-04-4,250250706002,613,1126,65035,7,99.4848881585,613,1126,65732,1.0000000000,housing units,613.0000000000,613.0000000000,180.0000000000,180.0000000000
BOS-04-4,250250708021,764,1234,51341,8,98.7971380822,936,1552,67219,0.8162393162,housing units,945.0000000000,771.3461538462,734.0000000000,599.1196581197
BOS-04-5,250250105002,598,1208,34219,4,99.4653406614,598,1208,39066,1.0000000000,housing units,804.0000000000,804.0000000000,698.0000000000,698.0000000000
BOS-04-5,250250105003,602,852,35330,6,98.2557423227,602,852,35330,1.0000000000,housing units,472.0000000000,472.0000000000,375.0000000000,375.0000000000
BOS-04-5,250250706002,0,0,697,1,92.2332866583,613,1126,65732,0.0000000000,housing units,613.0000000000,0.0000000000,180.0000000000,0.0000000000
BOS-04-5,250250708021,0,0,2027,1,91.6199226883,936,1552,67219,0.0000000000,housing units,945.0000000000,0.0000000000,734.0000000000,0.0000000000
BOS-04-5,250250708022,452,878,53682,3,99.1833346668,602,1133,64776,0.7508305648,housing units,458.0000000000,343.8803986711,277.0000000000,207.9800664452
BOS-05-1,250250702011,213,494,18042,2,99.8761124653,372,932,33090,0.5725806452,housing units,517.0000000000,296.0241935484,509.0000000000,291.4435483871
BOS-05-1,250250702012,288,2383,62183,5,99.6818212734,717,3058,110941,0.4016736402,housing units,455.0000000000,182.7615062762,415.0000000000,166.6945606695
BOS-05-1,250250704022,611,1264,83401,9,98.0214911261,716,1512,125543,0.8533519553,housing units,684.0000000000,583.6927374302,562.0000000000,479.5837988827
BOS-05-10,250250101031,268,336,25372,3,99.6913650173,278,2126,101365,0.9640287770,housing units,232.0000000000,223.6546762590,166.0000000000,160.0287769784
BOS-05-10,250250101032,52,1200,41728,6,100.0000000000,52,1200,41728,1.0000000000,housing units,46.0000000000,46.0000000000,42.0000000000,42.0000000000
BOS-05-10,250250101033,51,1104,41093,4,98.5422417485,90,1371,145012,0.5666666667,housing units,58.0000000000,32.8666666667,58.0000000000,32.8666666667
BOS-05-10,250250101041,0,0,12168,6,92.8315914613,849,1398,96870,0.0000000000,housing units,611.0000000000,0.0000000000,441.0000000000,0.0000000000
BOS-05-10,250250101042,416,1923,72059,11,98.7193037005,583,2503,82850,0.7135506003,housing units,455.0000000000,324.6655231561,373.0000000000,266.1543739280
BOS-05-10,250250101043,693,1162,101961,17,89.9034195838,693,1162,101961,1.0000000000,housing units,510.0000000000,510.0000000000,446.0000000000,446.0000000000
BOS-05-10,250259815011,0,0,73943,6,100.0000000000,1,13,897748,0.0000000000,housing units,0.0000000000,0.0000000000,0.0000000000,0.0000000000
BOS-05-12,250250102054,717,1082,59380,4,98.0000361925,717,1082,59380,1.0000000000,housing units,573.0000000000,573.0000000000,573.0000000000,573.0000000000
BOS-05-12,250250102061,651,879,115852,4,99.1096041813,651,879,115852,1.0000000000,housing units,738.0000000000,738.0000000000,706.0000000000,706.0000000000
BOS-05-12,250250102062,446,813,36722,3,96.0075194333,733,1275,66429,0.6084583902,housing units,489.0000000000,297.5361527967,489.0000000000,297.5361527967
BOS-05-13,250250107021,4,20,11941,1,99.8594626024,573,830,156192,0.0069808028,housing units,513.0000000000,3.5811518325,318.0000000000,2.2198952880
BOS-05-13,250250703021,453,806,59739,12,92.5767833601,453,806,59739,1.0000000000,housing units,307.0000000000,307.0000000000,124.0000000000,124.0000000000
BOS-05-13,250250703022,422,615,50304,6,100.0000000000,422,615,50304,1.0000000000,housing units,265.0000000000,265.0000000000,34.0000000000,34.0000000000
BOS-05-13,250250703023,523,669,83260,9,97.2746059244,523,669,83260,1.0000000000,housing units,497.0000000000,497.0000000000,497.0000000000,497.0000000000
BOS-05-14,250250703011,275,428,41462,5,99.6561756944,697,1048,67540,0.3945480631,housing units,798.0000000000,314.8493543759,464.0000000000,183.0703012912
BOS-05-14,250250703012,662,1165,75791,9,98.8686822532,662,1165,75791,1.0000000000,housing units,428.0000000000,428.0000000000,137.0000000000,137.0000000000
BOS-05-15,250250101041,849,1398,84702,11,99.8085837983,849,1398,96870,1.0000000000,housing units,611.0000000000,611.0000000000,441.0000000000,441.0000000000
BOS-05-15,250250101042,167,580,10791,1,100.0000000000,583,2503,82850,0.2864493997,housing units,455.0000000000,130.3344768439,373.0000000000,106.8456260720
BOS-05-15,250250102062,287,462,29707,3,98.7666994985,733,1275,66429,0.3915416098,housing units,489.0000000000,191.4638472033,489.0000000000,191.4638472033
BOS-05-15,250259818001,0,0,1126,1,91.6064371899,10,23,714667,0.0000000000,housing units,16.0000000000,0.0000000000,0.0000000000,0.0000000000
BOS-05-2,250250102051,866,1260,45373,5,99.7854401174,866,1260,45373,1.0000000000,housing units,514.0000000000,514.0000000000,465.0000000000,465.0000000000
BOS-05-2,250250104081,981,1438,43381,5,100.0000000000,981,1438,43381,1.0000000000,housing units,879.0000000000,879.0000000000,771.0000000000,771.0000000000
BOS-05-2,250259818001,1,13,107344,5,97.5310433244,10,23,714667,0.1000000000,housing units,16.0000000000,1.6000000000,0.0000000000,0.0000000000
BOS-06-1,250250612031,1444,2686,344445,37,2.2478230786,1444,2686,352712,1.0000000000,housing units,1386.0000000000,1386.0000000000,526.0000000000,526.0000000000
BOS-06-10,250250606011,1165,2006,140332,16,98.4556080559,1165,2006,140332,1.0000000000,housing units,1138.0000000000,1138.0000000000,706.0000000000,706.0000000000
BOS-06-11,250250606021,246,331,432113,8,99.2799353785,246,331,432113,1.0000000000,housing units,296.0000000000,296.0000000000,279.0000000000,279.0000000000
BOS-06-11,250250606042,1002,989,119125,14,0.5413512487,1002,989,119125,1.0000000000,housing units,898.0000000000,898.0000000000,606.0000000000,606.0000000000
BOS-06-11,250250612041,673,937,412237,26,0.5441966824,673,937,412237,1.0000000000,housing units,604.0000000000,604.0000000000,412.0000000000,412.0000000000
BOS-06-11,250259812022,0,0,234155,2,99.6168328083,1,6,1231102,0.0000000000,housing units,0.0000000000,0.0000000000,0.0000000000,0.0000000000
BOS-06-12,250250606031,1185,1502,398231,38,92.3362194264,1185,1502,398231,1.0000000000,housing units,1399.0000000000,1399.0000000000,1127.0000000000,1127.0000000000
BOS-06-12,250250606041,1515,1814,298363,11,0.3567047919,1515,1814,298363,1.0000000000,housing units,1218.0000000000,1218.0000000000,956.0000000000,956.0000000000
BOS-06-12,250259812022,1,6,597764,14,0.2472936373,1,6,1231102,1.0000000000,housing units,0.0000000000,0.0000000000,0.0000000000,0.0000000000
BOS-06-2,250250607001,333,997,89011,10,98.2829471087,333,997,89011,1.0000000000,housing units,420.0000000000,420.0000000000,418.0000000000,418.0000000000
BOS-06-2,250250608003,639,1243,65246,9,98.0650188037,639,1243,65246,1.0000000000,housing units,646.0000000000,646.0000000000,233.0000000000,233.0000000000
BOS-06-3,250250607002,271,692,39216,4,100.0000000000,271,692,39216,1.0000000000,housing units,359.0000000000,359.0000000000,359.0000000000,359.0000000000
BOS-06-3,250250608002,452,886,50293,8,97.7910304047,486,960,63565,0.9300411523,housing units,470.0000000000,437.1193415638,274.0000000000,254.8312757202
BOS-06-3,250250608004,547,1033,80031,9,98.5894437872,1051,1923,148884,0.5204567079,housing units,977.0000000000,508.4862036156,688.0000000000,358.0742150333
BOS-06-4,250250604001,62,129,21630,1,98.9905793789,589,1139,82503,0.1052631579,housing units,685.0000000000,72.1052631579,456.0000000000,48.0000000000
BOS-06-4,250250604005,135,239,17887,2,97.9909052016,317,666,87063,0.4258675079,housing units,205.0000000000,87.3028391167,43.0000000000,18.3123028391
BOS-06-4,250250605015,458,909,74540,8,98.9251538926,458,909,74540,1.0000000000,housing units,339.0000000000,339.0000000000,122.0000000000,122.0000000000
BOS-06-4,250250608001,84,192,21748,2,98.6638054418,360,733,65318,0.2333333333,housing units,230.0000000000,53.6666666667,87.0000000000,20.3000000000
BOS-06-5,250250605012,523,936,63781,6,97.2587364650,523,936,63781,1.0000000000,housing units,406.0000000000,406.0000000000,211.0000000000,211.0000000000
BOS-06-5,250250605013,623,1162,85086,9,98.2394999190,623,1162,85086,1.0000000000,housing units,445.0000000000,445.0000000000,134.0000000000,134.0000000000
BOS-06-6,250250603013,646,1308,127127,12,98.3756558549,646,1308,127127,1.0000000000,housing units,697.0000000000,697.0000000000,323.0000000000,323.0000000000
BOS-06-6,250250605011,475,886,78181,5,99.9824565133,475,886,78181,1.0000000000,housing units,349.0000000000,349.0000000000,201.0000000000,201.0000000000
BOS-06-7,250250601011,551,1171,96144,7,98.9699720552,551,1171,96144,1.0000000000,housing units,556.0000000000,556.0000000000,200.0000000000,200.0000000000
BOS-06-7,250250605014,371,840,110154,5,98.9528475016,371,840,110154,1.0000000000,housing units,580.0000000000,580.0000000000,109.0000000000,109.0000000000
BOS-06-7,250259812021,0,0,465353,5,99.2055407058,0,0,465353,1.0000000000,land area fallback,0.0000000000,0.0000000000,0.0000000000,0.0000000000
BOS-06-7,250259812022,0,0,11241,5,0.6235278024,1,6,1231102,0.0000000000,housing units,0.0000000000,0.0000000000,0.0000000000,0.0000000000
BOS-06-8,250250602001,466,996,68648,6,98.8956476958,466,996,68648,1.0000000000,housing units,438.0000000000,438.0000000000,243.0000000000,243.0000000000
BOS-06-8,250250602002,102,218,10328,2,98.9286368625,653,1332,101737,0.1562021440,housing units,556.0000000000,86.8483920368,277.0000000000,43.2679938744
BOS-06-8,250250603011,698,1256,76826,5,98.9301653765,815,1491,91910,0.8564417178,housing units,578.0000000000,495.0233128834,398.0000000000,340.8638036810
BOS-06-9,250250601012,373,667,46927,5,100.0000000000,373,667,46927,1.0000000000,housing units,428.0000000000,428.0000000000,213.0000000000,213.0000000000
BOS-06-9,250250601013,518,1067,80162,5,100.0000000000,518,1067,80162,1.0000000000,housing units,462.0000000000,462.0000000000,255.0000000000,255.0000000000
BOS-06-9,250250601014,336,544,41588,4,98.9282773635,438,768,72390,0.7671232877,housing units,429.0000000000,329.0958904110,222.0000000000,170.3013698630
BOS-06-9,250259812011,0,0,300766,6,0.1524633819,0,0,799562,0.3761634495,land area fallback,0.0000000000,0.0000000000,0.0000000000,0.0000000000
BOS-06-9,250259812022,0,0,387942,2,0.9012230849,1,6,1231102,0.0000000000,housing units,0.0000000000,0.0000000000,0.0000000000,0.0000000000
BOS-07-1,250250601014,102,224,30802,4,100.0000000000,438,768,72390,0.2328767123,housing units,429.0000000000,99.9041095890,222.0000000000,51.6986301370
BOS-07-1,250250602002,551,1114,91409,9,100.0000000000,653,1332,101737,0.8437978560,housing units,556.0000000000,469.1516079632,277.0000000000,233.7320061256
BOS-07-1,250250603012,136,308,22783,3,100.0000000000,368,810,53482,0.3695652174,housing units,375.0000000000,138.5869565217,269.0000000000,99.4130434783
BOS-07-1,250250604003,57,134,17763,2,99.9954448791,513,1014,80520,0.1111111111,housing units,415.0000000000,46.1111111111,198.0000000000,22.0000000000
BOS-07-1,250259812011,0,0,68522,2,0.0026259561,0,0,799562,0.0856994204,land area fallback,0.0000000000,0.0000000000,0.0000000000,0.0000000000
BOS-07-10,250250912001,95,247,32020,1,99.7207145779,455,1057,94930,0.2087912088,housing units,345.0000000000,72.0329670330,211.0000000000,44.0549450549
BOS-07-10,250250912003,83,203,41146,2,99.3354207178,298,720,104106,0.2785234899,housing units,390.0000000000,108.6241610738,251.0000000000,69.9093959732
BOS-07-10,250250913001,532,1456,105273,10,99.4336589329,532,1456,105273,1.0000000000,housing units,532.0000000000,532.0000000000,338.0000000000,338.0000000000
BOS-07-10,250250913002,181,508,88359,4,99.0227685649,403,1170,157287,0.4491315136,housing units,452.0000000000,203.0074441687,423.0000000000,189.9826302730
BOS-07-2,250250603011,117,235,15084,1,99.9837629081,815,1491,91910,0.1435582822,housing units,578.0000000000,82.9766871166,398.0000000000,57.1361963190
BOS-07-2,250250603012,232,502,30699,4,98.9290035284,368,810,53482,0.6304347826,housing units,375.0000000000,236.4130434783,269.0000000000,169.5869565217
BOS-07-2,250250604002,596,1152,62546,6,100.0000000000,596,1152,62546,1.0000000000,housing units,629.0000000000,629.0000000000,151.0000000000,151.0000000000
BOS-07-2,250250604003,211,476,31495,2,98.9488510144,513,1014,80520,0.4113060429,housing units,415.0000000000,170.6920077973,198.0000000000,81.4385964912
BOS-07-3,250250604001,527,1010,60873,6,99.9832994999,589,1139,82503,0.8947368421,housing units,685.0000000000,612.8947368421,456.0000000000,408.0000000000
BOS-07-3,250250604003,245,404,31262,5,99.9295172574,513,1014,80520,0.4775828460,housing units,415.0000000000,198.1968810916,198.0000000000,94.5614035088
BOS-07-3,250250604004,509,853,64351,5,100.0000000000,693,1224,86647,0.7344877345,housing units,580.0000000000,426.0028860029,365.0000000000,268.0880230880
BOS-07-3,250250604005,98,245,47024,4,99.5837239655,317,666,87063,0.3091482650,housing units,205.0000000000,63.3753943218,43.0000000000,13.2933753943
BOS-07-3,250259812011,0,0,56351,2,98.4525995382,0,0,799562,0.0704773363,land area fallback,0.0000000000,0.0000000000,0.0000000000,0.0000000000
BOS-07-4,250250604004,184,371,22296,3,98.9339240594,693,1224,86647,0.2655122655,housing units,580.0000000000,153.9971139971,365.0000000000,96.9119769120
BOS-07-4,250250604005,84,182,22152,3,98.9718210142,317,666,87063,0.2649842271,housing units,205.0000000000,54.3217665615,43.0000000000,11.3943217666
BOS-07-4,250250608001,250,504,31679,4,98.6280756915,360,733,65318,0.6944444444,housing units,230.0000000000,159.7222222222,87.0000000000,60.4166666667
BOS-07-4,250250610001,375,787,42777,4,99.7107011062,566,1170,65215,0.6625441696,housing units,760.0000000000,503.5335689046,242.0000000000,160.3356890459
BOS-07-4,250250610002,115,264,12020,1,98.7034237148,227,535,50911,0.5066079295,housing units,60.0000000000,30.3964757709,60.0000000000,30.3964757709
BOS-07-5,250250608001,26,37,11891,2,99.6171692510,360,733,65318,0.0722222222,housing units,230.0000000000,16.6111111111,87.0000000000,6.2833333333
BOS-07-5,250250608002,34,74,13272,2,100.0000000000,486,960,63565,0.0699588477,housing units,470.0000000000,32.8806584362,274.0000000000,19.1687242798
BOS-07-5,250250608004,504,890,68853,15,99.5913357585,1051,1923,148884,0.4795432921,housing units,977.0000000000,468.5137963844,688.0000000000,329.9257849667
BOS-07-5,250250610001,191,383,22438,3,99.9163068186,566,1170,65215,0.3374558304,housing units,760.0000000000,256.4664310954,242.0000000000,81.6643109541
BOS-07-5,250250610002,16,34,21507,3,98.4533093825,227,535,50911,0.0704845815,housing units,60.0000000000,4.2290748899,60.0000000000,4.2290748899
BOS-07-5,250250610003,37,100,5203,1,98.2228549796,308,711,43451,0.1201298701,housing units,300.0000000000,36.0389610390,289.0000000000,34.7175324675
BOS-07-5,250250612011,250,523,402495,14,98.4774877519,1038,2013,562013,0.2408477842,housing units,995.0000000000,239.6435452794,441.0000000000,106.2138728324
BOS-07-6,250250610002,96,237,17384,2,98.1915535531,227,535,50911,0.4229074890,housing units,60.0000000000,25.3744493392,60.0000000000,25.3744493392
BOS-07-6,250250610003,271,611,38248,9,98.9191969802,308,711,43451,0.8798701299,housing units,300.0000000000,263.9610389610,289.0000000000,254.2824675325
BOS-07-6,250250612011,738,1368,152384,16,98.5730661331,1038,2013,562013,0.7109826590,housing units,995.0000000000,707.4277456647,441.0000000000,313.5433526012
BOS-07-6,250250907004,0,0,15172,1,99.2528421327,677,1064,623386,0.0000000000,housing units,636.0000000000,0.0000000000,402.0000000000,0.0000000000
BOS-07-6,250259812011,0,0,1164,1,97.1514100169,0,0,799562,0.0014557970,land area fallback,0.0000000000,0.0000000000,0.0000000000,0.0000000000
BOS-07-7,250250611011,288,641,40108,3,99.5245612363,302,682,49678,0.9536423841,housing units,357.0000000000,340.4503311258,357.0000000000,340.4503311258
BOS-07-7,250250611012,964,2028,115604,7,99.3608529493,964,2028,115604,1.0000000000,housing units,816.0000000000,816.0000000000,816.0000000000,816.0000000000
BOS-07-7,250250909011,0,0,10992,1,98.2053706743,624,1403,272610,0.0000000000,housing units,548.0000000000,0.0000000000,548.0000000000,0.0000000000
BOS-07-7,250259812011,0,0,365915,9,0.0755026383,0,0,799562,0.4576443103,land area fallback,0.0000000000,0.0000000000,0.0000000000,0.0000000000
BOS-07-8,250250611011,14,41,9570,1,99.2268918094,302,682,49678,0.0463576159,housing units,357.0000000000,16.5496688742,357.0000000000,16.5496688742
BOS-07-8,250250612011,50,122,7134,1,99.9488572693,1038,2013,562013,0.0481695568,housing units,995.0000000000,47.9287090559,441.0000000000,21.2427745665
BOS-07-8,250250907001,156,357,129880,6,92.9262964261,517,1171,225572,0.3017408124,housing units,406.0000000000,122.5067698259,216.0000000000,65.1760154739
BOS-07-8,250250907002,404,740,56294,3,98.8590527908,654,1260,106433,0.6177370031,housing units,724.0000000000,447.2415902141,286.0000000000,176.6727828746
BOS-07-8,250250907004,605,891,448098,14,95.5015841208,677,1064,623386,0.8936484490,housing units,636.0000000000,568.3604135894,402.0000000000,359.2466765140
BOS-07-9,250250907002,250,520,50139,2,99.9876273736,654,1260,106433,0.3822629969,housing units,724.0000000000,276.7584097859,286.0000000000,109.3272171254
BOS-07-9,250250907003,378,841,98189,6,98.9242985779,562,1178,117677,0.6725978648,housing units,380.0000000000,255.5871886121,206.0000000000,138.5551601423
BOS-07-9,250250907004,72,173,160116,2,99.6318374896,677,1064,623386,0.1063515510,housing units,636.0000000000,67.6395864106,402.0000000000,42.7533234860
BOS-07-9,250250912001,104,262,21103,2,98.8567121127,455,1057,94930,0.2285714286,housing units,345.0000000000,78.8571428571,211.0000000000,48.2285714286
BOS-08-1,250250711013,639,996,57244,5,98.3619264423,639,996,57244,1.0000000000,housing units,694.0000000000,694.0000000000,426.0000000000,426.0000000000
BOS-08-1,250250712011,0,12,13031,1,99.6044025652,546,1013,64997,0.0000000000,housing units,612.0000000000,0.0000000000,143.0000000000,0.0000000000
BOS-08-1,250250712013,388,192,66201,5,98.7861771796,388,192,66201,1.0000000000,housing units,321.0000000000,321.0000000000,208.0000000000,208.0000000000
BOS-08-1,250250712014,459,1078,42776,4,99.7295748457,459,1078,52084,1.0000000000,housing units,456.0000000000,456.0000000000,456.0000000000,456.0000000000
BOS-08-2,250250711011,728,1540,163107,8,98.6124933216,728,1540,163107,1.0000000000,housing units,732.0000000000,732.0000000000,398.0000000000,398.0000000000
BOS-08-2,250250711014,348,659,82100,6,98.0379340668,348,659,82100,1.0000000000,housing units,388.0000000000,388.0000000000,153.0000000000,153.0000000000
BOS-08-6,250250612021,0,0,380810,26,1.5552866099,0,0,380810,1.0000000000,land area fallback,0.0000000000,0.0000000000,0.0000000000,0.0000000000
BOS-08-6,250250612031,0,0,8267,2,1.6611161457,1444,2686,352712,0.0000000000,housing units,1386.0000000000,0.0000000000,526.0000000000,0.0000000000
BOS-08-6,250250701041,0,0,19151,5,98.2244754718,600,890,368819,0.0000000000,housing units,529.0000000000,0.0000000000,223.0000000000,0.0000000000
BOS-08-6,250250704021,0,0,10525,3,100.0000000000,1462,2049,121646,0.0000000000,housing units,1328.0000000000,0.0000000000,1223.0000000000,0.0000000000
BOS-08-6,250250712012,266,497,128235,3,98.6105504787,506,1231,228996,0.5256916996,housing units,515.0000000000,270.7312252964,470.0000000000,247.0750988142
BOS-08-6,250250801001,329,1612,883747,52,97.4994662197,547,2125,936208,0.6014625229,housing units,436.0000000000,262.2376599634,272.0000000000,163.5978062157
BOS-09-1,250250705012,24,42,5458,1,99.4183653458,601,1074,67315,0.0399334443,housing units,348.0000000000,13.8968386023,140.0000000000,5.5906821963
BOS-09-1,250250705021,176,330,15169,3,99.8160368832,585,1067,49329,0.3008547009,housing units,718.0000000000,216.0136752137,330.0000000000,99.2820512821
BOS-09-1,250250705022,1259,2326,125004,21,98.1274922202,1259,2326,125004,1.0000000000,housing units,1193.0000000000,1193.0000000000,907.0000000000,907.0000000000
BOS-09-1,250250712014,0,0,9308,1,99.3437477120,459,1078,52084,0.0000000000,housing units,456.0000000000,0.0000000000,456.0000000000,0.0000000000
BOS-09-2,250250709021,670,1211,60929,6,98.5354827064,670,1211,60929,1.0000000000,housing units,577.0000000000,577.0000000000,284.0000000000,284.0000000000
BOS-09-2,250250709022,583,1089,50027,7,98.2532362079,583,1089,50027,1.0000000000,housing units,574.0000000000,574.0000000000,290.0000000000,290.0000000000
BOS-13-10,250250909012,0,0,295214,3,39.2153755553,1104,2197,900599,0.0000000000,housing units,938.0000000000,0.0000000000,936.0000000000,0.0000000000
BOS-13-10,250250910012,80,223,52845,3,99.2942607575,360,796,347748,0.2222222222,housing units,222.0000000000,49.3333333333,157.0000000000,34.8888888889
BOS-13-10,250250910013,363,748,358640,10,39.8714239821,363,748,385092,1.0000000000,housing units,365.0000000000,365.0000000000,170.0000000000,170.0000000000
BOS-13-10,250250910014,383,717,184312,5,100.0000000000,668,1066,356523,0.5733532934,housing units,829.0000000000,475.3098802395,491.0000000000,281.5164670659
BOS-13-10,250250911002,307,734,67022,4,98.7923953407,519,1195,99679,0.5915221580,housing units,647.0000000000,382.7148362235,310.0000000000,183.3718689788
BOS-13-10,250250921013,0,0,0,1,1.3908384372,349,914,504437,0.0000000000,housing units,363.0000000000,0.0000000000,115.0000000000,0.0000000000
BOS-13-10,250259901010,0,0,0,1,0.0024119919,0,0,0,0.0000000000,empty water-only block group,0.0000000000,0.0000000000,0.0000000000,0.0000000000
BOS-13-3,250250909011,624,1403,261618,13,0.8958252570,624,1403,272610,1.0000000000,housing units,548.0000000000,548.0000000000,548.0000000000,548.0000000000
BOS-13-3,250250909012,1104,2197,605385,14,0.4902816259,1104,2197,900599,1.0000000000,housing units,938.0000000000,938.0000000000,936.0000000000,936.0000000000
BOS-13-3,250250910014,285,349,172211,3,99.7859219649,668,1066,356523,0.4266467066,housing units,829.0000000000,353.6901197605,491.0000000000,209.4835329341
BOS-13-3,250259812011,0,0,6844,1,99.9465598163,0,0,799562,0.0085596864,land area fallback,0.0000000000,0.0000000000,0.0000000000,0.0000000000
BOS-13-5,250250912003,215,517,62960,9,97.2182371335,298,720,104106,0.7214765101,housing units,390.0000000000,281.3758389262,251.0000000000,181.0906040268
BOS-13-5,250250914001,363,996,105403,5,99.3143303098,675,1748,176288,0.5377777778,housing units,553.0000000000,297.3911111111,351.0000000000,188.7600000000
BOS-13-5,250250915001,93,195,18900,1,99.2320514327,766,1926,164417,0.1214099217,housing units,818.0000000000,99.3133159269,524.0000000000,63.6187989556
BOS-13-6,250250912001,256,548,41807,5,99.6664822961,455,1057,94930,0.5626373626,housing units,345.0000000000,194.1098901099,211.0000000000,118.7164835165
BOS-13-6,250250912002,359,1019,82153,5,99.0779653956,523,1363,124575,0.6864244742,housing units,532.0000000000,365.1778202677,333.0000000000,228.5793499044
BOS-13-6,250250915001,221,530,58224,2,98.8021672288,766,1926,164417,0.2885117493,housing units,818.0000000000,236.0026109661,524.0000000000,151.1801566580
BOS-13-7,250250907001,361,814,95692,7,99.8685283125,517,1171,225572,0.6982591876,housing units,406.0000000000,283.4932301741,216.0000000000,150.8239845261
BOS-13-7,250250907003,184,337,19488,2,99.7028250963,562,1178,117677,0.3274021352,housing units,380.0000000000,124.4128113879,206.0000000000,67.4448398577
BOS-13-7,250250911001,413,921,66136,4,99.4645727298,630,1441,108199,0.6555555556,housing units,521.0000000000,341.5444444444,217.0000000000,142.2555555556
BOS-13-7,250250911005,47,128,12792,1,98.6217681166,302,778,66634,0.1556291391,housing units,270.0000000000,42.0198675497,236.0000000000,36.7284768212
BOS-13-8,250250911001,217,520,42063,2,99.6565306511,630,1441,108199,0.3444444444,housing units,521.0000000000,179.4555555556,217.0000000000,74.7444444444
BOS-13-8,250250911002,134,323,20907,3,98.3038472070,519,1195,99679,0.2581888247,housing units,647.0000000000,167.0481695568,310.0000000000,80.0385356455
BOS-13-8,250250911003,143,337,31901,2,99.1307631050,335,823,76684,0.4268656716,housing units,363.0000000000,154.9522388060,213.0000000000,90.9223880597
BOS-13-8,250250911004,71,185,22506,1,98.8711076511,271,679,70845,0.2619926199,housing units,225.0000000000,58.9483394834,124.0000000000,32.4870848708
BOS-13-8,250250911005,255,650,53842,3,99.9967852506,302,778,66634,0.8443708609,housing units,270.0000000000,227.9801324503,236.0000000000,199.2715231788
BOS-13-9,250250911002,78,138,11750,1,99.0524304273,519,1195,99679,0.1502890173,housing units,647.0000000000,97.2369942197,310.0000000000,46.5895953757
BOS-13-9,250250911003,192,486,44783,7,98.1998275753,335,823,76684,0.5731343284,housing units,363.0000000000,208.0477611940,213.0000000000,122.0776119403
BOS-13-9,250250911004,200,494,48339,3,98.8516335082,271,679,70845,0.7380073801,housing units,225.0000000000,166.0516605166,124.0000000000,91.5129151292
BOS-13-9,250250912002,164,344,42422,2,99.9999759879,523,1363,124575,0.3135755258,housing units,532.0000000000,166.8221797323,333.0000000000,104.4206500956
BOS-13-9,250250915001,224,519,49370,2,99.0906407646,766,1926,164417,0.2924281984,housing units,818.0000000000,239.2062663185,524.0000000000,153.2323759791
BOS-15-1,250250903001,0,0,13563,1,100.0000000000,339,1033,134435,0.0000000000,housing units,342.0000000000,0.0000000000,203.0000000000,0.0000000000
BOS-15-1,250250914001,312,752,70885,7,100.0000000000,675,1748,176288,0.4622222222,housing units,553.0000000000,255.6088888889,351.0000000000,162.2400000000
BOS-15-1,250250915001,228,682,37923,3,100.0000000000,766,1926,164417,0.2976501305,housing units,818.0000000000,243.4778067885,524.0000000000,155.9686684073
BOS-15-1,250250915002,165,409,58075,5,99.2484715494,599,1740,177353,0.2754590985,housing units,519.0000000000,142.9632721202,253.0000000000,69.6911519199
BOS-15-1,250250918001,191,583,66439,4,99.4814031799,527,1570,154578,0.3624288425,housing units,589.0000000000,213.4705882353,491.0000000000,177.9525616698
BOS-15-1,250250918002,87,225,31790,2,99.6186916585,406,1096,89290,0.2142857143,housing units,394.0000000000,84.4285714286,341.0000000000,73.0714285714
BOS-15-1,250250918003,20,86,30262,2,99.1191801687,387,1052,188197,0.0516795866,housing units,340.0000000000,17.5710594315,219.0000000000,11.3178294574
BOS-15-2,250250917002,63,199,21194,2,99.0507475234,350,1123,78459,0.1800000000,housing units,275.0000000000,49.5000000000,178.0000000000,32.0400000000
BOS-15-2,250250917003,54,143,14519,1,98.9591045873,251,767,54173,0.2151394422,housing units,270.0000000000,58.0876494024,164.0000000000,35.2828685259
BOS-15-2,250250918002,319,871,57500,8,99.7110218871,406,1096,89290,0.7857142857,housing units,394.0000000000,309.5714285714,341.0000000000,267.9285714286
BOS-15-2,250250918003,294,823,86333,6,98.4741005421,387,1052,188197,0.7596899225,housing units,340.0000000000,258.2945736434,219.0000000000,166.3720930233
BOS-15-3,250250916001,173,320,46202,3,98.6736757028,521,1284,99546,0.3320537428,housing units,530.0000000000,175.9884836852,384.0000000000,127.5086372361
BOS-15-3,250250918001,336,987,88139,5,98.8031690187,527,1570,154578,0.6375711575,housing units,589.0000000000,375.5294117647,491.0000000000,313.0474383302
BOS-15-4,250250910011,80,226,56555,4,99.8321743625,271,645,96905,0.2952029520,housing units,314.0000000000,92.6937269373,289.0000000000,85.3136531365
BOS-15-4,250250915002,434,1331,119278,5,99.8402002414,599,1740,177353,0.7245409015,housing units,519.0000000000,376.0367278798,253.0000000000,183.3088480801
BOS-15-4,250250915003,366,922,62396,7,97.4935092114,366,922,62396,1.0000000000,housing units,260.0000000000,260.0000000000,245.0000000000,245.0000000000
BOS-15-4,250250916002,263,758,80090,4,97.7999936254,423,1250,118082,0.6217494090,housing units,260.0000000000,161.6548463357,144.0000000000,89.5319148936
BOS-15-5,250250917001,126,326,24979,1,98.7414539637,473,1313,156233,0.2663847780,housing units,518.0000000000,137.9873150106,315.0000000000,83.9112050740
BOS-15-5,250250917003,197,624,39654,4,100.0000000000,251,767,54173,0.7848605578,housing units,270.0000000000,211.9123505976,164.0000000000,128.7171314741
BOS-15-5,250250920003,162,467,53925,5,97.6832550742,318,981,112771,0.5094339623,housing units,324.0000000000,165.0566037736,171.0000000000,87.1132075472
BOS-15-5,250250920004,326,1022,75917,8,100.0000000000,326,1022,75917,1.0000000000,housing units,394.0000000000,394.0000000000,331.0000000000,331.0000000000
BOS-15-6,250250910011,191,419,40350,5,98.1504406932,271,645,96905,0.7047970480,housing units,314.0000000000,221.3062730627,289.0000000000,203.6863468635
BOS-15-6,250250910012,280,573,225854,6,99.6525260165,360,796,347748,0.7777777778,housing units,222.0000000000,172.6666666667,157.0000000000,122.1111111111
BOS-15-6,250250916003,130,392,60389,6,100.0000000000,297,666,95530,0.4377104377,housing units,292.0000000000,127.8114478114,267.0000000000,116.8686868687
BOS-15-6,250250921012,165,520,61816,5,98.8411739114,425,1238,174658,0.3882352941,housing units,340.0000000000,132.0000000000,227.0000000000,88.1294117647
BOS-15-7,250250916001,149,414,24338,1,99.7636397372,521,1284,99546,0.2859884837,housing units,530.0000000000,151.5738963532,384.0000000000,109.8195777351
BOS-15-7,250250917001,217,649,53964,2,98.5924719135,473,1313,156233,0.4587737844,housing units,518.0000000000,237.6448202960,315.0000000000,144.5137420719
BOS-15-7,250250917002,287,924,57265,4,99.7694917817,350,1123,78459,0.8200000000,housing units,275.0000000000,225.5000000000,178.0000000000,145.9600000000
BOS-15-8,250250920001,430,1113,96419,7,99.5282752163,507,1354,120374,0.8481262327,housing units,343.0000000000,290.9072978304,214.0000000000,181.4990138067
BOS-15-8,250250920002,64,196,22637,2,98.1820578920,625,1823,180677,0.1024000000,housing units,718.0000000000,73.5232000000,381.0000000000,39.0144000000
BOS-15-8,250250921012,149,495,57922,5,97.7148514966,425,1238,174658,0.3505882353,housing units,340.0000000000,119.2000000000,227.0000000000,79.5835294118
BOS-15-9,250250916001,199,550,29006,3,99.6517663474,521,1284,99546,0.3819577735,housing units,530.0000000000,202.4376199616,384.0000000000,146.6717850288
BOS-15-9,250250916002,160,492,37992,2,99.9012226620,423,1250,118082,0.3782505910,housing units,260.0000000000,98.3451536643,144.0000000000,54.4680851064
BOS-15-9,250250916003,167,274,35141,1,99.6894137501,297,666,95530,0.5622895623,housing units,292.0000000000,164.1885521886,267.0000000000,150.1313131313
BOS-15-9,250250917001,130,338,77290,3,99.6012547718,473,1313,156233,0.2748414376,housing units,518.0000000000,142.3678646934,315.0000000000,86.5750528541
BOS-15-9,250250920001,77,241,23955,2,98.5881449513,507,1354,120374,0.1518737673,housing units,343.0000000000,52.0927021696,214.0000000000,32.5009861933
BOS-16-1,250250921012,106,213,22287,2,100.0000000000,425,1238,174658,0.2494117647,housing units,340.0000000000,84.8000000000,227.0000000000,56.6164705882
BOS-16-1,250250921014,294,722,83054,4,100.0000000000,429,1021,227454,0.6853146853,housing units,187.0000000000,128.1538461538,83.0000000000,56.8811188811
BOS-16-1,250250921015,183,440,46241,1,99.0910109706,909,2590,212641,0.2013201320,housing units,1185.0000000000,238.5643564356,562.0000000000,113.1419141914
BOS-16-1,250250922001,240,767,145161,9,98.7938615503,320,972,195405,0.7500000000,housing units,319.0000000000,239.2500000000,209.0000000000,156.7500000000
BOS-16-10,250251006031,565,1262,365151,15,99.4641547912,651,1483,447843,0.8678955453,housing units,647.0000000000,561.5284178187,277.0000000000,240.4070660522
BOS-16-10,250251006032,300,689,366949,18,1.5559594698,300,689,424651,1.0000000000,housing units,282.0000000000,282.0000000000,92.0000000000,92.0000000000
BOS-16-10,250251007001,57,90,18582,1,99.8171988802,516,1078,166371,0.1104651163,housing units,500.0000000000,55.2325581395,238.0000000000,26.2906976744
BOS-16-10,250251007002,60,138,52754,5,93.9737614352,543,1008,602907,0.1104972376,housing units,509.0000000000,56.2430939227,215.0000000000,23.7569060773
BOS-16-11,250251007005,181,383,74250,4,100.0000000000,304,683,121301,0.5953947368,housing units,377.0000000000,224.4638157895,120.0000000000,71.4473684211
BOS-16-11,250251008004,134,290,277621,5,99.2292283208,624,1033,759058,0.2147435897,housing units,581.0000000000,124.7660256410,403.0000000000,86.5416666667
BOS-16-11,250251008005,178,465,292357,4,99.8235272028,470,907,401127,0.3787234043,housing units,339.0000000000,128.3872340426,181.0000000000,68.5489361702
BOS-16-12,250251007002,483,870,550153,15,16.1314754206,543,1008,602907,0.8895027624,housing units,509.0000000000,452.7569060773,215.0000000000,191.2430939227
BOS-16-12,250251007003,162,420,105276,6,100.0000000000,296,724,186092,0.5472972973,housing units,240.0000000000,131.3513513514,39.0000000000,21.3445945946
BOS-16-12,250251007005,123,300,47051,3,99.5629935697,304,683,121301,0.4046052632,housing units,377.0000000000,152.5361842105,120.0000000000,48.5526315789
BOS-16-2,250250910012,0,0,69049,1,100.0000000000,360,796,347748,0.0000000000,housing units,222.0000000000,0.0000000000,157.0000000000,0.0000000000
BOS-16-2,250250910013,0,0,26452,3,0.1699999393,363,748,385092,0.0000000000,housing units,365.0000000000,0.0000000000,170.0000000000,0.0000000000
BOS-16-2,250250921012,5,10,32633,2,99.7231327953,425,1238,174658,0.0117647059,housing units,340.0000000000,4.0000000000,227.0000000000,2.6705882353
BOS-16-2,250250921013,349,914,504437,27,6.3279653518,349,914,504437,1.0000000000,housing units,363.0000000000,363.0000000000,115.0000000000,115.0000000000
BOS-16-2,250250921014,135,299,144400,6,99.3090334529,429,1021,227454,0.3146853147,housing units,187.0000000000,58.8461538462,83.0000000000,26.1188811189
BOS-16-2,250250921015,59,143,14915,1,98.8701749956,909,2590,212641,0.0649064906,housing units,1185.0000000000,76.9141914191,562.0000000000,36.4774477448
BOS-16-2,250251006031,3,12,40835,1,99.6940329830,651,1483,447843,0.0046082949,housing units,647.0000000000,2.9815668203,277.0000000000,1.2764976959
BOS-16-2,250251006032,0,0,57702,3,0.5912186173,300,689,424651,0.0000000000,housing units,282.0000000000,0.0000000000,92.0000000000,0.0000000000
BOS-16-3,250250922002,180,562,66583,7,99.1660240961,282,856,106856,0.6382978723,housing units,376.0000000000,240.0000000000,121.0000000000,77.2340425532
BOS-16-3,250251005001,533,1220,125029,7,98.2923929808,533,1220,125029,1.0000000000,housing units,899.0000000000,899.0000000000,648.0000000000,648.0000000000
BOS-16-3,250251005003,242,736,63244,6,98.7634618233,556,1418,135025,0.4352517986,housing units,311.0000000000,135.3633093525,166.0000000000,72.2517985612
BOS-16-4,250250921015,394,1288,102966,6,99.2467532211,909,2590,212641,0.4334433443,housing units,1185.0000000000,513.6303630363,562.0000000000,243.5951595160
BOS-16-4,250251006013,185,442,42465,6,98.6915441158,570,1320,108564,0.3245614035,housing units,267.0000000000,86.6578947368,142.0000000000,46.0877192982
BOS-16-4,250251006014,234,587,45007,4,98.5494268776,804,2050,139116,0.2910447761,housing units,981.0000000000,285.5149253731,605.0000000000,176.0820895522
BOS-16-5,250250921011,480,1158,186916,12,98.1877823268,480,1158,186916,1.0000000000,housing units,692.0000000000,692.0000000000,368.0000000000,368.0000000000
BOS-16-5,250250921015,273,719,48519,2,99.2312966014,909,2590,212641,0.3003300330,housing units,1185.0000000000,355.8910891089,562.0000000000,168.7854785479
BOS-16-5,250251006011,147,285,44035,2,99.1138774256,495,1027,155969,0.2969696970,housing units,542.0000000000,160.9575757576,390.0000000000,115.8181818182
BOS-16-5,250251006012,57,153,16994,2,98.5318619072,382,945,148937,0.1492146597,housing units,477.0000000000,71.1753926702,164.0000000000,24.4712041885
BOS-16-6,250251006013,385,878,66099,7,100.0000000000,570,1320,108564,0.6754385965,housing units,267.0000000000,180.3421052632,142.0000000000,95.9122807018
BOS-16-6,250251006014,570,1463,94109,5,100.0000000000,804,2050,139116,0.7089552239,housing units,981.0000000000,695.4850746269,605.0000000000,428.9179104478
BOS-16-6,250251008001,195,504,74454,3,99.0118840521,262,716,121560,0.7442748092,housing units,293.0000000000,218.0725190840,142.0000000000,105.6870229008
BOS-16-6,250251008002,148,305,29814,2,99.2042598715,407,983,136910,0.3636363636,housing units,410.0000000000,149.0909090909,150.0000000000,54.5454545455
BOS-16-7,250251006011,348,742,111934,6,99.1805238563,495,1027,155969,0.7030303030,housing units,542.0000000000,381.0424242424,390.0000000000,274.1818181818
BOS-16-7,250251006012,325,792,131943,9,98.4482293999,382,945,148937,0.8507853403,housing units,477.0000000000,405.8246073298,164.0000000000,139.5287958115
BOS-16-7,250251006031,83,209,41857,3,99.6878686804,651,1483,447843,0.1274961598,housing units,647.0000000000,82.4900153610,277.0000000000,35.3164362519
BOS-16-8,250251008001,67,212,47106,3,100.0000000000,262,716,121560,0.2557251908,housing units,293.0000000000,74.9274809160,142.0000000000,36.3129770992
BOS-16-8,250251008002,259,678,107096,12,99.6297232253,407,983,136910,0.6363636364,housing units,410.0000000000,260.9090909091,150.0000000000,95.4545454545
BOS-16-8,250251008003,423,924,136799,10,98.6816333145,423,924,136799,1.0000000000,housing units,498.0000000000,498.0000000000,248.0000000000,248.0000000000
BOS-16-8,250251008006,539,1228,191319,13,98.4019466200,539,1228,191319,1.0000000000,housing units,700.0000000000,700.0000000000,446.0000000000,446.0000000000
BOS-16-9,250251007001,459,988,147789,8,99.8155155578,516,1078,166371,0.8895348837,housing units,500.0000000000,444.7674418605,238.0000000000,211.7093023256
BOS-16-9,250251007003,134,304,80816,4,90.5966259392,296,724,186092,0.4527027027,housing units,240.0000000000,108.6486486486,39.0000000000,17.6554054054
BOS-16-9,250251007004,388,839,134430,12,86.2479539632,388,839,134430,1.0000000000,housing units,278.0000000000,278.0000000000,128.0000000000,128.0000000000
BOS-17-1,250250919004,227,683,69070,5,100.0000000000,227,683,69070,1.0000000000,housing units,435.0000000000,435.0000000000,176.0000000000,176.0000000000
BOS-17-1,250250920003,128,437,46054,4,99.4086645263,318,981,112771,0.4025157233,housing units,324.0000000000,130.4150943396,171.0000000000,68.8301886792
BOS-17-1,250250923001,134,419,52261,4,97.8143799857,280,781,107203,0.4785714286,housing units,398.0000000000,190.4714285714,258.0000000000,123.4714285714
BOS-17-1,250250923004,235,665,60369,7,99.3536764236,235,665,60369,1.0000000000,housing units,229.0000000000,229.0000000000,158.0000000000,158.0000000000
BOS-17-10,250251003002,224,566,68538,3,99.0133805179,331,874,105785,0.6767371601,housing units,234.0000000000,158.3564954683,117.0000000000,79.1782477341
BOS-17-10,250251003003,208,561,70162,5,90.4175623663,309,842,106136,0.6731391586,housing units,313.0000000000,210.6925566343,201.0000000000,135.3009708738
BOS-17-10,250251003004,227,628,83866,8,87.7355315494,261,733,104361,0.8697318008,housing units,353.0000000000,307.0153256705,179.0000000000,155.6819923372
BOS-17-10,250251004004,338,871,82276,3,98.5091797620,652,1698,182562,0.5184049080,housing units,605.0000000000,313.6349693252,303.0000000000,157.0766871166
BOS-17-11,250251004001,441,984,100937,5,99.0623341666,614,1267,140970,0.7182410423,housing units,388.0000000000,278.6775244300,299.0000000000,214.7540716612
BOS-17-12,250251003002,107,308,37247,2,100.0000000000,331,874,105785,0.3232628399,housing units,234.0000000000,75.6435045317,117.0000000000,37.8217522659
BOS-17-12,250251003003,101,281,35974,4,94.0718559374,309,842,106136,0.3268608414,housing units,313.0000000000,102.3074433657,201.0000000000,65.6990291262
BOS-17-12,250251004003,88,200,32231,1,100.0000000000,313,833,128654,0.2811501597,housing units,534.0000000000,150.1341853035,274.0000000000,77.0351437700
BOS-17-12,250251009003,199,628,106493,10,98.4635608650,353,1011,242944,0.5637393768,housing units,532.0000000000,299.9093484419,57.0000000000,32.1331444759
BOS-17-13,250251008004,490,743,481437,7,10.0124117853,624,1033,759058,0.7852564103,housing units,581.0000000000,456.2339743590,403.0000000000,316.4583333333
BOS-17-13,250251008005,292,442,108770,3,99.9998546177,470,907,401127,0.6212765957,housing units,339.0000000000,210.6127659574,181.0000000000,112.4510638298
BOS-17-13,250251009001,121,208,27469,2,99.6321003431,309,730,166366,0.3915857605,housing units,341.0000000000,133.5307443366,75.0000000000,29.3689320388
BOS-17-13,250251009002,161,403,100215,7,97.6200009206,240,578,136336,0.6708333333,housing units,203.0000000000,136.1791666667,62.0000000000,41.5916666667
BOS-17-14,250251009002,79,175,36121,2,100.0000000000,240,578,136336,0.3291666667,housing units,203.0000000000,66.8208333333,62.0000000000,20.4083333333
BOS-17-14,250251009003,154,383,136451,4,99.9045989904,353,1011,242944,0.4362606232,housing units,532.0000000000,232.0906515581,57.0000000000,24.8668555241
BOS-17-14,250251009004,575,1123,194679,10,98.9396938865,856,1829,407738,0.6717289720,housing units,720.0000000000,483.6448598131,354.0000000000,237.7920560748
BOS-17-2,250250920002,482,1393,137481,5,98.4856471871,625,1823,180677,0.7712000000,housing units,718.0000000000,553.7216000000,381.0000000000,293.8272000000
BOS-17-3,250250920002,79,234,20559,1,99.8785655969,625,1823,180677,0.1264000000,housing units,718.0000000000,90.7552000000,381.0000000000,48.1584000000
BOS-17-3,250250920003,28,77,12792,1,99.8690429298,318,981,112771,0.0880503145,housing units,324.0000000000,28.5283018868,171.0000000000,15.0566037736
BOS-17-3,250250922001,80,205,50244,3,98.9945018716,320,972,195405,0.2500000000,housing units,319.0000000000,79.7500000000,209.0000000000,52.2500000000
BOS-17-3,250250922004,272,732,114554,6,99.0615150312,408,962,155380,0.6666666667,housing units,245.0000000000,163.3333333333,117.0000000000,78.0000000000
BOS-17-3,250250923001,146,362,54942,3,99.9990918983,280,781,107203,0.5214285714,housing units,398.0000000000,207.5285714286,258.0000000000,134.5285714286
BOS-17-3,250250923002,268,760,71736,5,99.2507499817,287,784,78411,0.9337979094,housing units,282.0000000000,263.3310104530,264.0000000000,246.5226480836
BOS-17-3,250250923003,202,563,53814,4,99.2535181515,370,1071,96991,0.5459459459,housing units,372.0000000000,203.0918918919,237.0000000000,129.3891891892
BOS-17-3,250251005005,0,0,1259,1,94.8782027135,499,1429,165421,0.0000000000,housing units,483.0000000000,0.0000000000,257.0000000000,0.0000000000
BOS-17-4,250251004002,491,1270,174064,7,99.7867501126,491,1270,174064,1.0000000000,housing units,391.0000000000,391.0000000000,189.0000000000,189.0000000000
BOS-17-4,250251004003,225,633,96423,7,97.0979563679,313,833,128654,0.7188498403,housing units,534.0000000000,383.8658146965,274.0000000000,196.9648562300
BOS-17-4,250251004004,201,527,58902,3,99.9100597006,652,1698,182562,0.3082822086,housing units,605.0000000000,186.5107361963,303.0000000000,93.4095092025
BOS-17-4,250251009001,188,522,138897,8,99.0964041631,309,730,166366,0.6084142395,housing units,341.0000000000,207.4692556634,75.0000000000,45.6310679612
BOS-17-5,250250923002,19,24,6675,1,99.5166593865,287,784,78411,0.0662020906,housing units,282.0000000000,18.6689895470,264.0000000000,17.4773519164
BOS-17-5,250250923003,168,508,43177,5,99.9768274004,370,1071,96991,0.4540540541,housing units,372.0000000000,168.9081081081,237.0000000000,107.6108108108
BOS-17-5,250251003001,4,30,8725,1,98.7664722262,422,1288,175595,0.0094786730,housing units,406.0000000000,3.8483412322,169.0000000000,1.6018957346
BOS-17-5,250251005004,232,662,76570,7,99.4111068788,533,1502,245048,0.4352720450,housing units,804.0000000000,349.9587242026,485.0000000000,211.1069418386
BOS-17-5,250251005005,183,562,55472,4,99.3021761157,499,1429,165421,0.3667334669,housing units,483.0000000000,177.1322645291,257.0000000000,94.2505010020
BOS-17-6,250250922002,102,294,40273,3,99.2260850559,282,856,106856,0.3617021277,housing units,376.0000000000,136.0000000000,121.0000000000,43.7659574468
BOS-17-6,250250922003,282,812,124884,8,99.4675428337,282,812,124884,1.0000000000,housing units,326.0000000000,326.0000000000,71.0000000000,71.0000000000
BOS-17-6,250250922004,136,230,40826,1,99.9943320837,408,962,155380,0.3333333333,housing units,245.0000000000,81.6666666667,117.0000000000,39.0000000000
BOS-17-6,250251005003,314,682,71781,4,98.7618965792,556,1418,135025,0.5647482014,housing units,311.0000000000,175.6366906475,166.0000000000,93.7482014388
BOS-17-7,250251003001,418,1258,166870,9,98.4699595611,422,1288,175595,0.9905213270,housing units,406.0000000000,402.1516587678,169.0000000000,167.3981042654
BOS-17-7,250251003004,34,105,20495,2,98.8238162215,261,733,104361,0.1302681992,housing units,353.0000000000,45.9846743295,179.0000000000,23.3180076628
BOS-17-8,250251004004,113,300,41384,1,99.0138378196,652,1698,182562,0.1733128834,housing units,605.0000000000,104.8542944785,303.0000000000,52.5138036810
BOS-17-8,250251005004,301,840,168478,1,99.9150270526,533,1502,245048,0.5647279550,housing units,804.0000000000,454.0412757974,485.0000000000,273.8930581614
BOS-17-8,250251005005,316,867,108690,8,99.9044160043,499,1429,165421,0.6332665331,housing units,483.0000000000,305.8677354709,257.0000000000,162.7494989980
BOS-17-9,250251004001,173,283,40033,1,99.0229674782,614,1267,140970,0.2817589577,housing units,388.0000000000,109.3224755700,299.0000000000,84.2459283388
BOS-17-9,250251005002,412,1007,187194,10,99.7415947361,412,1007,187194,1.0000000000,housing units,512.0000000000,512.0000000000,289.0000000000,289.0000000000
BOS-18-10,250251104034,243,667,111537,6,99.3273007303,376,1014,206593,0.6462765957,housing units,443.0000000000,286.3005319149,196.0000000000,126.6702127660
BOS-18-10,250251104035,366,825,187490,4,98.9049598608,404,936,215734,0.9059405941,housing units,355.0000000000,321.6089108911,50.0000000000,45.2970297030
BOS-18-10,250251105022,610,1425,241103,11,99.6178446012,864,1861,312442,0.7060185185,housing units,942.0000000000,665.0694444444,429.0000000000,302.8819444444
BOS-18-11,250251104035,38,111,28244,2,99.5858169500,404,936,215734,0.0940594059,housing units,355.0000000000,33.3910891089,50.0000000000,4.7029702970
BOS-18-11,250251401051,30,96,16470,1,99.2807268675,901,2353,730539,0.0332963374,housing units,872.0000000000,29.0344062153,162.0000000000,5.3940066593
BOS-18-11,250251401061,686,1465,219472,5,100.0000000000,686,1465,219472,1.0000000000,housing units,766.0000000000,766.0000000000,660.0000000000,660.0000000000
BOS-18-11,250251401062,287,713,59365,5,100.0000000000,287,713,59365,1.0000000000,housing units,294.0000000000,294.0000000000,266.0000000000,266.0000000000
BOS-18-11,250259807001,2,7,829640,3,99.6567029112,2,7,2888944,1.0000000000,housing units,0.0000000000,0.0000000000,0.0000000000,0.0000000000
BOS-18-12,250251401051,14,43,11042,1,100.0000000000,901,2353,730539,0.0155382908,housing units,872.0000000000,13.5493895671,162.0000000000,2.5172031077
BOS-18-12,250251401071,684,1766,467153,19,99.4749583979,783,1976,492633,0.8735632184,housing units,839.0000000000,732.9195402299,276.0000000000,241.1034482759
BOS-18-12,250251401072,222,558,80772,4,98.8610279510,319,802,134727,0.6959247649,housing units,287.0000000000,199.7304075235,17.0000000000,11.8307210031
BOS-18-12,250259807001,0,0,972653,3,99.7683678177,2,7,2888944,0.0000000000,housing units,0.0000000000,0.0000000000,0.0000000000,0.0000000000
BOS-18-16,250251402023,375,1120,337352,16,99.3272762464,375,1120,341883,1.0000000000,housing units,349.0000000000,349.0000000000,150.0000000000,150.0000000000
BOS-18-16,250251402024,205,523,142946,5,98.8725310065,656,1535,405523,0.3125000000,housing units,766.0000000000,239.3750000000,370.0000000000,115.6250000000
BOS-18-16,250251402025,276,770,287689,11,99.2379874050,276,770,287689,1.0000000000,housing units,252.0000000000,252.0000000000,0.0000000000,0.0000000000
BOS-18-16,250251403001,0,0,17607,3,99.7738036998,379,1036,205436,0.0000000000,housing units,782.0000000000,0.0000000000,731.0000000000,0.0000000000
BOS-18-17,250251402011,0,0,80930,1,99.7474057330,554,1207,557671,0.0000000000,housing units,634.0000000000,0.0000000000,554.0000000000,0.0000000000
BOS-18-17,250251402021,185,550,140155,6,100.0000000000,355,971,238151,0.5211267606,housing units,252.0000000000,131.3239436620,0.0000000000,0.0000000000
BOS-18-17,250251402022,542,1428,265355,12,97.2847526127,542,1428,265355,1.0000000000,housing units,473.0000000000,473.0000000000,299.0000000000,299.0000000000
BOS-18-17,250251402024,179,452,137832,6,98.2694222610,656,1535,405523,0.2728658537,housing units,766.0000000000,209.0152439024,370.0000000000,100.9603658537
BOS-18-19,250251401021,420,1201,204084,9,100.0000000000,420,1201,204084,1.0000000000,housing units,444.0000000000,444.0000000000,143.0000000000,143.0000000000
BOS-18-19,250251401022,248,547,318559,13,98.7403677216,524,1188,565691,0.4732824427,housing units,385.0000000000,182.2137404580,113.0000000000,53.4809160305
BOS-18-19,250251401023,49,110,30383,2,98.9603870793,380,1050,513541,0.1289473684,housing units,310.0000000000,39.9736842105,45.0000000000,5.8026315789
BOS-18-19,250251401024,508,1519,804335,11,99.7774074038,508,1519,804335,1.0000000000,housing units,666.0000000000,666.0000000000,65.0000000000,65.0000000000
BOS-18-19,250251401072,97,244,53955,1,100.0000000000,319,802,134727,0.3040752351,housing units,287.0000000000,87.2695924765,17.0000000000,5.1692789969
BOS-18-19,250251403003,42,138,64348,3,99.5417671028,750,1478,396258,0.0560000000,housing units,785.0000000000,43.9600000000,522.0000000000,29.2320000000
BOS-18-19,250259807001,0,0,408695,2,99.8934027271,2,7,2888944,0.0000000000,housing units,0.0000000000,0.0000000000,0.0000000000,0.0000000000
BOS-18-20,250251401022,272,619,162300,10,99.3785719415,524,1188,565691,0.5190839695,housing units,385.0000000000,199.8473282443,113.0000000000,58.6564885496
BOS-18-20,250251401023,331,940,483158,15,99.6532510356,380,1050,513541,0.8710526316,housing units,310.0000000000,270.0263157895,45.0000000000,39.1973684211
BOS-18-20,250251402011,388,804,282591,9,99.5639907254,554,1207,557671,0.7003610108,housing units,634.0000000000,444.0288808664,554.0000000000,388.0000000000
BOS-18-20,250251402012,396,1104,764664,20,94.9295637435,396,1104,764664,1.0000000000,housing units,395.0000000000,395.0000000000,101.0000000000,101.0000000000
BOS-18-22,250251401051,857,2214,703027,23,99.1498961216,901,2353,730539,0.9511653718,housing units,872.0000000000,829.4162042175,162.0000000000,154.0887902331
BOS-18-23,250251304061,936,2092,239154,6,98.2673532189,936,2092,239154,1.0000000000,housing units,1118.0000000000,1118.0000000000,1118.0000000000,1118.0000000000
BOS-18-23,250251304062,376,903,60919,4,98.1781625273,1288,2978,650882,0.2919254658,housing units,973.0000000000,284.0434782609,569.0000000000,166.1055900621
BOS-18-23,250259807001,0,0,211646,1,99.8806956113,2,7,2888944,0.0000000000,housing units,0.0000000000,0.0000000000,0.0000000000,0.0000000000
BOS-18-9,250251104031,200,359,59784,2,100.0000000000,441,945,158280,0.4535147392,housing units,392.0000000000,177.7777777778,93.0000000000,42.1768707483
BOS-18-9,250251104032,167,372,98055,4,99.9951462741,317,811,201471,0.5268138801,housing units,263.0000000000,138.5520504732,74.0000000000,38.9842271293
BOS-18-9,250251104033,258,731,160789,5,99.5667098728,258,731,160789,1.0000000000,housing units,333.0000000000,333.0000000000,85.0000000000,85.0000000000
BOS-18-9,250251104034,133,347,95056,2,99.5946829051,376,1014,206593,0.3537234043,housing units,443.0000000000,156.6994680851,196.0000000000,69.3297872340
BOS-18-9,250251404007,78,226,80350,3,99.2090817091,436,1163,254564,0.1788990826,housing units,487.0000000000,87.1238532110,145.0000000000,25.9403669725
BOS-19-10,250251104012,403,1110,203917,13,99.8991078277,636,1658,308728,0.6336477987,housing units,628.0000000000,397.9308176101,145.0000000000,91.8789308176
BOS-19-10,250251104031,241,586,98496,5,99.4405929113,441,945,158280,0.5464852608,housing units,392.0000000000,214.2222222222,93.0000000000,50.8231292517
BOS-19-10,250251104032,150,439,103416,4,99.5526174454,317,811,201471,0.4731861199,housing units,263.0000000000,124.4479495268,74.0000000000,35.0157728707
BOS-19-10,250251105022,254,436,71339,3,99.8339541954,864,1861,312442,0.2939814815,housing units,942.0000000000,276.9305555556,429.0000000000,126.1180555556
BOS-19-11,250251101041,316,820,127646,5,99.4683530445,316,820,127646,1.0000000000,housing units,390.0000000000,390.0000000000,164.0000000000,164.0000000000
BOS-19-11,250251101042,350,980,69561,5,99.3718638985,463,1357,174292,0.7559395248,housing units,295.0000000000,223.0021598272,225.0000000000,170.0863930886
BOS-19-11,250251104011,348,873,66591,1,99.3334791010,791,1967,214231,0.4399494311,housing units,762.0000000000,335.2414664981,399.0000000000,175.5398230088
BOS-19-13,250251104011,443,1094,147640,6,99.5025088970,791,1967,214231,0.5600505689,housing units,762.0000000000,426.7585335019,399.0000000000,223.4601769912
BOS-19-13,250251104012,233,548,104811,6,98.4267699819,636,1658,308728,0.3663522013,housing units,628.0000000000,230.0691823899,145.0000000000,53.1210691824
BOS-19-2,250251201051,246,766,785189,12,99.7238697641,246,766,785189,1.0000000000,housing units,286.0000000000,286.0000000000,76.0000000000,76.0000000000
BOS-19-2,250251201052,403,1013,524139,15,99.7187675917,403,1013,524139,1.0000000000,housing units,378.0000000000,378.0000000000,36.0000000000,36.0000000000
BOS-19-2,250251201053,115,440,382241,8,99.1485255733,299,713,530439,0.3846153846,housing units,241.0000000000,92.6923076923,10.0000000000,3.8461538462
BOS-19-2,250259810001,2,4,624884,8,98.5340952730,4,11,1134184,0.5000000000,housing units,14.0000000000,7.0000000000,14.0000000000,7.0000000000
BOS-19-2,250259818001,0,0,36046,2,99.5382432743,10,23,714667,0.0000000000,housing units,16.0000000000,0.0000000000,0.0000000000,0.0000000000
BOS-19-3,250251201053,184,273,148198,5,82.7693214106,299,713,530439,0.6153846154,housing units,241.0000000000,148.3076923077,10.0000000000,6.1538461538
BOS-19-3,250251204005,334,797,165622,9,98.9531612518,825,1551,251192,0.4048484848,housing units,679.0000000000,274.8921212121,154.0000000000,62.3466666667
BOS-19-3,250259818001,0,0,155130,4,95.1364453626,10,23,714667,0.0000000000,housing units,16.0000000000,0.0000000000,0.0000000000,0.0000000000
BOS-19-5,250251201031,105,207,60753,1,99.4375034109,727,1642,340186,0.1444291609,housing units,731.0000000000,105.5777166437,216.0000000000,31.1966987620
BOS-19-5,250251204004,379,912,117944,7,98.9345129887,853,1923,251383,0.4443141852,housing units,1094.0000000000,486.0797186401,519.0000000000,230.5990621336
BOS-19-5,250251204005,491,754,85570,3,99.9387433175,825,1551,251192,0.5951515152,housing units,679.0000000000,404.1078787879,154.0000000000,91.6533333333
BOS-19-8,250251201031,622,1435,279433,12,99.4373621712,727,1642,340186,0.8555708391,housing units,731.0000000000,625.4222833563,216.0000000000,184.8033012380
BOS-19-9,250251101042,113,377,104731,7,98.6584963303,463,1357,174292,0.2440604752,housing units,295.0000000000,71.9978401728,225.0000000000,54.9136069114
BOS-19-9,250251201041,342,644,78181,7,99.0131994355,466,908,103280,0.7339055794,housing units,420.0000000000,308.2403433476,235.0000000000,172.4678111588
BOS-19-9,250251201042,54,162,140212,9,98.7864068951,672,1465,302520,0.0803571429,housing units,676.0000000000,54.3214285714,356.0000000000,28.6071428571
BOS-19-9,250251204003,45,84,43164,1,99.2292365904,469,907,188297,0.0959488273,housing units,389.0000000000,37.3240938166,129.0000000000,12.3773987207
BOS-19-9,250259810001,2,7,509300,2,99.8719426613,4,11,1134184,0.5000000000,housing units,14.0000000000,7.0000000000,14.0000000000,7.0000000000
BOS-20-1,250251106012,46,90,20957,1,99.7054541883,429,957,302518,0.1072261072,housing units,388.0000000000,41.6037296037,120.0000000000,12.8671328671
BOS-20-1,250251106071,524,1017,154851,6,99.6362312435,524,1017,154851,1.0000000000,housing units,587.0000000000,587.0000000000,320.0000000000,320.0000000000
BOS-20-1,250251106072,97,219,36584,1,99.0170901934,728,1600,315147,0.1332417582,housing units,749.0000000000,99.7980769231,183.0000000000,24.3832417582
BOS-20-1,250251106074,180,857,213162,11,99.6816950205,281,1073,290445,0.6405693950,housing units,233.0000000000,149.2526690391,37.0000000000,23.7010676157
BOS-20-10,250251303001,205,554,207791,10,99.5592001047,339,901,305119,0.6047197640,housing units,389.0000000000,235.2359882006,15.0000000000,9.0707964602
BOS-20-10,250251303003,120,341,100448,7,99.5549974516,294,815,328016,0.4081632653,housing units,339.0000000000,138.3673469388,0.0000000000,0.0000000000
BOS-20-10,250251303004,425,1025,240615,15,94.2720881592,425,1025,240615,1.0000000000,housing units,301.0000000000,301.0000000000,79.0000000000,79.0000000000
BOS-20-10,250251303005,34,78,21084,3,99.5718443449,290,652,203639,0.1172413793,housing units,345.0000000000,40.4482758621,78.0000000000,9.1448275862
BOS-20-10,250251304041,414,899,335985,3,95.0218955052,894,2039,1193280,0.4630872483,housing units,954.0000000000,441.7852348993,552.0000000000,255.6241610738
BOS-20-10,250259807001,0,0,149919,2,94.1863465791,2,7,2888944,0.0000000000,housing units,0.0000000000,0.0000000000,0.0000000000,0.0000000000
BOS-20-11,250251303001,36,95,32331,1,99.1822805313,339,901,305119,0.1061946903,housing units,389.0000000000,41.3097345133,15.0000000000,1.5929203540
BOS-20-11,250251303002,409,919,281899,13,99.3073801421,471,1103,365075,0.8683651805,housing units,373.0000000000,323.9002123142,95.0000000000,82.4946921444
BOS-20-12,250251302003,189,529,172873,8,99.3198534485,682,1539,511125,0.2771260997,housing units,590.0000000000,163.5043988270,226.0000000000,62.6304985337
BOS-20-12,250251302004,244,613,224770,8,96.4493129086,287,716,257085,0.8501742160,housing units,367.0000000000,312.0139372822,0.0000000000,0.0000000000
BOS-20-12,250251302005,103,245,49481,5,98.3759599323,410,927,226623,0.2512195122,housing units,440.0000000000,110.5365853659,125.0000000000,31.4024390244
BOS-20-13,250251301015,196,450,120158,5,99.0135351638,523,1148,414125,0.3747609943,housing units,469.0000000000,175.7629063098,58.0000000000,21.7361376673
BOS-20-13,250251302004,43,103,32315,3,93.9772199048,287,716,257085,0.1498257840,housing units,367.0000000000,54.9860627178,0.0000000000,0.0000000000
BOS-20-13,250251302005,287,616,166409,6,98.9951239346,410,927,226623,0.7000000000,housing units,440.0000000000,308.0000000000,125.0000000000,87.5000000000
BOS-20-14,250251303001,98,252,64997,4,99.3893287439,339,901,305119,0.2890855457,housing units,389.0000000000,112.4542772861,15.0000000000,4.3362831858
BOS-20-14,250251303002,51,146,56615,2,100.0000000000,471,1103,365075,0.1082802548,housing units,373.0000000000,40.3885350318,95.0000000000,10.2866242038
BOS-20-14,250251303003,174,474,206496,10,98.6816018049,294,815,328016,0.5918367347,housing units,339.0000000000,200.6326530612,0.0000000000,0.0000000000
BOS-20-14,250251303005,156,351,115165,3,98.5854280139,290,652,203639,0.5379310345,housing units,345.0000000000,185.5862068966,78.0000000000,41.9586206897
BOS-20-15,250251304023,362,977,290658,12,99.5297308515,362,977,290658,1.0000000000,housing units,304.0000000000,304.0000000000,54.0000000000,54.0000000000
BOS-20-15,250251304042,460,1034,408681,19,99.6718618656,460,1034,408681,1.0000000000,housing units,419.0000000000,419.0000000000,50.0000000000,50.0000000000
BOS-20-15,250251304063,267,569,162272,9,98.3336791639,267,569,162272,1.0000000000,housing units,191.0000000000,191.0000000000,89.0000000000,89.0000000000
BOS-20-16,250251304021,464,1050,426315,17,99.8619591440,464,1050,426315,1.0000000000,housing units,471.0000000000,471.0000000000,240.0000000000,240.0000000000
BOS-20-16,250251304022,353,832,213207,11,99.4202278060,377,906,228303,0.9363395225,housing units,567.0000000000,530.9045092838,14.0000000000,13.1087533156
BOS-20-16,250251304024,440,756,264358,10,98.3619253650,1040,1900,918595,0.4230769231,housing units,835.0000000000,353.2692307692,366.0000000000,154.8461538462
BOS-20-17,250251301012,328,715,773849,13,99.9994816834,328,715,773849,1.0000000000,housing units,201.0000000000,201.0000000000,22.0000000000,22.0000000000
BOS-20-17,250251301013,287,681,222286,18,98.9197383111,344,854,264088,0.8343023256,housing units,460.0000000000,383.7790697674,169.0000000000,140.9970930233
BOS-20-17,250251301014,302,725,188380,22,99.3302420401,302,725,188380,1.0000000000,housing units,259.0000000000,259.0000000000,14.0000000000,14.0000000000
BOS-20-17,250251301015,202,434,190955,6,99.0217560704,523,1148,414125,0.3862332696,housing units,469.0000000000,181.1434034417,58.0000000000,22.4015296367
BOS-20-17,250251302005,20,66,10733,1,98.4576746873,410,927,226623,0.0487804878,housing units,440.0000000000,21.4634146341,125.0000000000,6.0975609756
BOS-20-17,250259809001,80,125,1677226,2,98.6074846579,80,125,1677226,1.0000000000,housing units,34.0000000000,34.0000000000,34.0000000000,34.0000000000
BOS-20-18,250251302002,152,415,63045,2,99.9793696420,369,878,159939,0.4119241192,housing units,375.0000000000,154.4715447154,125.0000000000,51.4905149051
BOS-20-18,250251302003,462,906,306007,10,98.7739671322,682,1539,511125,0.6774193548,housing units,590.0000000000,399.6774193548,226.0000000000,153.0967741935
BOS-20-19,250251106011,205,537,178299,14,99.2295285912,762,1682,1103959,0.2690288714,housing units,939.0000000000,252.6181102362,345.0000000000,92.8149606299
BOS-20-19,250251301016,98,275,70609,6,99.6900699627,444,1078,282851,0.2207207207,housing units,464.0000000000,102.4144144144,175.0000000000,38.6261261261
BOS-20-19,250251302001,174,454,97887,9,98.5516000730,247,648,197883,0.7044534413,housing units,183.0000000000,128.9149797571,21.0000000000,14.7935222672
BOS-20-19,250251302002,79,154,29906,2,98.8134350444,369,878,159939,0.2140921409,housing units,375.0000000000,80.2845528455,125.0000000000,26.7615176152
BOS-20-2,250251105011,204,455,73740,4,99.2185404497,373,844,154008,0.5469168901,housing units,251.0000000000,137.2761394102,127.0000000000,69.4584450402
BOS-20-2,250251105021,603,1382,223217,16,97.6972601035,603,1382,223217,1.0000000000,housing units,521.0000000000,521.0000000000,193.0000000000,193.0000000000
BOS-20-2,250251105023,74,192,36316,3,97.6813069697,298,757,148642,0.2483221477,housing units,384.0000000000,95.3557046980,107.0000000000,26.5704697987
BOS-20-2,250251106072,53,148,22413,2,99.8168384240,728,1600,315147,0.0728021978,housing units,749.0000000000,54.5288461538,183.0000000000,13.3228021978
BOS-20-2,250251106073,131,244,71428,2,99.7988783394,731,1586,363586,0.1792065663,housing units,608.0000000000,108.9575923393,271.0000000000,48.5649794802
BOS-20-20,250251301011,956,1528,744672,10,99.6820739718,956,1528,744672,1.0000000000,housing units,806.0000000000,806.0000000000,510.0000000000,510.0000000000
BOS-20-20,250251301013,57,173,41802,4,99.2852632477,344,854,264088,0.1656976744,housing units,460.0000000000,76.2209302326,169.0000000000,28.0029069767
BOS-20-20,250251301016,346,803,212242,9,99.1964826973,444,1078,282851,0.7792792793,housing units,464.0000000000,361.5855855856,175.0000000000,136.3738738739
BOS-20-20,250251302002,94,199,37108,3,98.9188720177,369,878,159939,0.2547425474,housing units,375.0000000000,95.5284552846,125.0000000000,31.8428184282
BOS-20-20,250251302003,31,104,32245,2,98.9373062978,682,1539,511125,0.0454545455,housing units,590.0000000000,26.8181818182,226.0000000000,10.2727272727
BOS-20-21,250251304062,181,291,156188,3,97.8299618866,1288,2978,650882,0.1405279503,housing units,973.0000000000,136.7336956522,569.0000000000,79.9604037267
BOS-20-3,250251304041,325,645,350520,3,99.7683276484,894,2039,1193280,0.3635346756,housing units,954.0000000000,346.8120805369,552.0000000000,200.6711409396
BOS-20-3,250251304062,731,1784,433775,10,96.6539797287,1288,2978,650882,0.5675465839,housing units,973.0000000000,552.2228260870,569.0000000000,322.9340062112
BOS-20-3,250259807001,0,0,316391,1,99.7682391829,2,7,2888944,0.0000000000,housing units,0.0000000000,0.0000000000,0.0000000000,0.0000000000
BOS-20-4,250251106072,37,99,17132,1,98.6620204403,728,1600,315147,0.0508241758,housing units,749.0000000000,38.0673076923,183.0000000000,9.3008241758
BOS-20-4,250251106073,600,1342,292158,14,99.0445281166,731,1586,363586,0.8207934337,housing units,608.0000000000,499.0424076607,271.0000000000,222.4350205198
BOS-20-4,250251106074,101,216,77283,2,99.2309238876,281,1073,290445,0.3594306050,housing units,233.0000000000,83.7473309609,37.0000000000,13.2989323843
BOS-20-5,250251301015,125,264,103012,2,99.8657910830,523,1148,414125,0.2390057361,housing units,469.0000000000,112.0936902486,58.0000000000,13.8623326960
BOS-20-5,250251303003,0,0,21072,1,99.5781525933,294,815,328016,0.0000000000,housing units,339.0000000000,0.0000000000,0.0000000000,0.0000000000
BOS-20-5,250251303005,100,223,67390,6,98.9490833907,290,652,203639,0.3448275862,housing units,345.0000000000,118.9655172414,78.0000000000,26.8965517241
BOS-20-5,250251304022,24,74,15096,2,98.6580299170,377,906,228303,0.0636604775,housing units,567.0000000000,36.0954907162,14.0000000000,0.8912466844
BOS-20-5,250251304024,600,1144,654237,20,98.5362628435,1040,1900,918595,0.5769230769,housing units,835.0000000000,481.7307692308,366.0000000000,211.1538461538
BOS-20-5,250251304041,155,495,506775,2,99.7914432159,894,2039,1193280,0.1733780761,housing units,954.0000000000,165.4026845638,552.0000000000,95.7046979866
BOS-20-5,250259819001,0,0,233864,2,99.2181925099,0,0,233864,1.0000000000,land area fallback,0.0000000000,0.0000000000,0.0000000000,0.0000000000
BOS-20-6,250251106011,557,1145,925660,23,99.0297873448,762,1682,1103959,0.7309711286,housing units,939.0000000000,686.3818897638,345.0000000000,252.1850393701
BOS-20-6,250251106012,383,867,281561,10,98.6191746401,429,957,302518,0.8927738928,housing units,388.0000000000,346.3962703963,120.0000000000,107.1328671329
BOS-20-7,250251106072,450,968,200587,11,97.7464701718,728,1600,315147,0.6181318681,housing units,749.0000000000,462.9807692308,183.0000000000,113.1181318681
BOS-20-7,250251302001,73,194,99996,4,100.0000000000,247,648,197883,0.2955465587,housing units,183.0000000000,54.0850202429,21.0000000000,6.2064777328
BOS-20-7,250251302002,44,110,29880,1,99.5548579358,369,878,159939,0.1192411924,housing units,375.0000000000,44.7154471545,125.0000000000,14.9051490515
BOS-20-7,250251303002,11,38,26561,3,98.0916488709,471,1103,365075,0.0233545648,housing units,373.0000000000,8.7112526539,95.0000000000,2.2186836518
BOS-20-8,250251105011,93,202,39540,3,99.2495391852,373,844,154008,0.2493297587,housing units,251.0000000000,62.5817694370,127.0000000000,31.6648793566
BOS-20-8,250251105012,113,325,76843,6,98.5201221505,644,1542,331790,0.1754658385,housing units,705.0000000000,123.7034161491,168.0000000000,29.4782608696
BOS-20-8,250251105013,379,916,162039,11,98.9322649845,379,916,162039,1.0000000000,housing units,418.0000000000,418.0000000000,92.0000000000,92.0000000000
BOS-20-8,250251106072,91,166,38431,1,99.8078295256,728,1600,315147,0.1250000000,housing units,749.0000000000,93.6250000000,183.0000000000,22.8750000000
BOS-20-9,250251105011,76,187,40728,3,99.9901361047,373,844,154008,0.2037533512,housing units,251.0000000000,51.1420911528,127.0000000000,25.8766756032
BOS-20-9,250251105012,531,1217,254947,14,99.1703978624,644,1542,331790,0.8245341615,housing units,705.0000000000,581.2965838509,168.0000000000,138.5217391304
BOS-20-9,250251105023,224,565,112326,7,98.7457734847,298,757,148642,0.7516778523,housing units,384.0000000000,288.6442953020,107.0000000000,80.4295302013
BOS-21-1,250250102042,482,1344,67706,11,98.9258426017,482,1344,67706,1.0000000000,housing units,351.0000000000,351.0000000000,306.0000000000,306.0000000000
BOS-21-1,250250102043,467,739,124345,7,99.3772873804,621,968,145889,0.7520128824,housing units,525.0000000000,394.8067632850,500.0000000000,376.0064412238
BOS-21-1,250250102052,571,920,40462,3,100.0000000000,571,920,40462,1.0000000000,housing units,674.0000000000,674.0000000000,647.0000000000,647.0000000000
BOS-21-1,250250102053,1118,1644,37558,3,100.0000000000,1118,1644,37558,1.0000000000,housing units,800.0000000000,800.0000000000,725.0000000000,725.0000000000
BOS-21-1,250259818001,0,0,25834,3,97.1974900808,10,23,714667,0.0000000000,housing units,16.0000000000,0.0000000000,0.0000000000,0.0000000000
BOS-21-10,250250004011,215,353,12013,1,98.6895124085,868,1521,54141,0.2476958525,housing units,895.0000000000,221.6877880184,802.0000000000,198.6520737327
BOS-21-10,250250005051,465,809,42554,7,99.5654372527,465,809,42554,1.0000000000,housing units,419.0000000000,419.0000000000,327.0000000000,327.0000000000
BOS-21-10,250250005053,190,499,54768,3,97.9910366857,190,499,54768,1.0000000000,housing units,249.0000000000,249.0000000000,187.0000000000,187.0000000000
BOS-21-10,250250006031,397,640,34361,2,99.7148287691,1012,1757,312487,0.3922924901,housing units,1130.0000000000,443.2905138340,969.0000000000,380.1314229249
BOS-21-11,250250004011,653,1168,42128,3,98.9655286869,868,1521,54141,0.7523041475,housing units,895.0000000000,673.3122119816,802.0000000000,603.3479262673
BOS-21-11,250250004012,532,1204,107461,5,99.3896246783,532,1204,107461,1.0000000000,housing units,315.0000000000,315.0000000000,244.0000000000,244.0000000000
BOS-21-11,250250004013,175,432,46254,2,99.6366109084,422,1056,116847,0.4146919431,housing units,522.0000000000,216.4691943128,364.0000000000,150.9478672986
BOS-21-12,250250005052,429,888,46755,5,98.5418123657,429,888,46755,1.0000000000,housing units,383.0000000000,383.0000000000,383.0000000000,383.0000000000
BOS-21-12,250250005061,866,1478,100714,9,97.7441794609,866,1478,100714,1.0000000000,housing units,532.0000000000,532.0000000000,431.0000000000,431.0000000000
BOS-21-12,250250005062,96,177,15625,2,97.5813286400,774,1417,88059,0.1240310078,housing units,819.0000000000,101.5813953488,677.0000000000,83.9689922481
BOS-21-13,250250004013,41,127,21073,2,99.8086006125,422,1056,116847,0.0971563981,housing units,522.0000000000,50.7156398104,364.0000000000,35.3649289100
BOS-21-13,250250004014,1232,2072,152593,6,99.0537588793,1232,2072,152593,1.0000000000,housing units,1119.0000000000,1119.0000000000,1057.0000000000,1057.0000000000
BOS-21-13,250250004023,71,166,28911,1,99.4989223885,514,1208,261633,0.1381322957,housing units,510.0000000000,70.4474708171,302.0000000000,41.7159533074
BOS-21-13,250250005031,428,787,64236,8,97.1197520348,428,787,64236,1.0000000000,housing units,389.0000000000,389.0000000000,298.0000000000,298.0000000000
BOS-21-14,250250005021,241,442,31320,3,97.8600628558,630,1043,159471,0.3825396825,housing units,688.0000000000,263.1873015873,594.0000000000,227.2285714286
BOS-21-14,250250005062,678,1240,72434,6,97.6560193439,774,1417,88059,0.8759689922,housing units,819.0000000000,717.4186046512,677.0000000000,593.0310077519
BOS-21-15,250250005021,178,324,15836,2,98.2423194931,630,1043,159471,0.2825396825,housing units,688.0000000000,194.3873015873,594.0000000000,167.8285714286
BOS-21-15,250250005023,287,491,35528,3,98.8305319134,986,1577,87336,0.2910750507,housing units,694.0000000000,202.0060851927,589.0000000000,171.4432048682
BOS-21-15,250250005032,753,1185,52859,6,98.8654893984,1051,1631,75711,0.7164605138,housing units,862.0000000000,617.5889628925,737.0000000000,528.0313986679
BOS-21-16,250250005021,211,277,112315,2,98.9751938018,630,1043,159471,0.3349206349,housing units,688.0000000000,230.4253968254,594.0000000000,198.9428571429
BOS-21-16,250250005022,536,1710,350523,8,97.2174019440,536,1710,350523,1.0000000000,housing units,327.0000000000,327.0000000000,255.0000000000,255.0000000000
BOS-21-16,250250005023,699,1086,51808,2,99.9426212302,986,1577,87336,0.7089249493,housing units,694.0000000000,491.9939148073,589.0000000000,417.5567951318
BOS-21-16,250250005024,0,2656,250374,5,99.6136378323,0,2656,250374,1.0000000000,population fallback,0.0000000000,0.0000000000,0.0000000000,0.0000000000
BOS-21-16,250250005032,298,446,22852,2,99.3587168850,1051,1631,75711,0.2835394862,housing units,862.0000000000,244.4110371075,737.0000000000,208.9686013321
BOS-21-2,250250008071,40,2282,218592,14,95.2802920719,40,2282,218592,1.0000000000,housing units,0.0000000000,0.0000000000,0.0000000000,0.0000000000
BOS-21-2,250250101031,10,1790,75993,6,99.6274689245,278,2126,101365,0.0359712230,housing units,232.0000000000,8.3453237410,166.0000000000,5.9712230216
BOS-21-2,250250101033,39,267,103919,8,95.5855745583,90,1371,145012,0.4333333333,housing units,58.0000000000,25.1333333333,58.0000000000,25.1333333333
BOS-21-2,250250102041,235,1131,39817,11,98.2358215176,235,1131,39817,1.0000000000,housing units,86.0000000000,86.0000000000,86.0000000000,86.0000000000
BOS-21-2,250250102043,154,229,21544,3,97.8234599137,621,968,145889,0.2479871176,housing units,525.0000000000,130.1932367150,500.0000000000,123.9935587762
BOS-21-2,250259815011,0,0,43220,7,99.9516744869,1,13,897748,0.0000000000,housing units,0.0000000000,0.0000000000,0.0000000000,0.0000000000
BOS-21-3,250250007031,698,1045,76842,12,76.3255791561,698,1045,76842,1.0000000000,housing units,472.0000000000,472.0000000000,469.0000000000,469.0000000000
BOS-21-3,250250007032,605,1195,61460,5,99.6645783421,677,1397,105045,0.8936484490,housing units,479.0000000000,428.0576070901,463.0000000000,413.7592319055
BOS-21-3,250250008053,675,1683,138949,8,99.3859250562,675,1683,138949,1.0000000000,housing units,497.0000000000,497.0000000000,481.0000000000,481.0000000000
BOS-21-4,250250008051,785,1797,121953,7,98.9717560758,785,1797,121953,1.0000000000,housing units,520.0000000000,520.0000000000,506.0000000000,506.0000000000
BOS-21-4,250250008052,496,1136,108977,6,97.2806236470,496,1136,108977,1.0000000000,housing units,280.0000000000,280.0000000000,280.0000000000,280.0000000000
BOS-21-5,250250007032,72,202,43585,3,99.5304078437,677,1397,105045,0.1063515510,housing units,479.0000000000,50.9423929099,463.0000000000,49.2407680945
BOS-21-5,250250007041,408,852,50167,3,99.7268811675,811,1814,109787,0.5030826141,housing units,594.0000000000,298.8310727497,514.0000000000,258.5844636252
BOS-21-5,250250007042,232,454,21240,3,97.9373921970,732,1299,42459,0.3169398907,housing units,595.0000000000,188.5792349727,595.0000000000,188.5792349727
BOS-21-5,250250007043,644,1122,39100,3,99.3770876711,644,1122,39100,1.0000000000,housing units,470.0000000000,470.0000000000,414.0000000000,414.0000000000
BOS-21-5,250250007044,129,318,32020,7,99.5653461079,548,1077,48433,0.2354014599,housing units,506.0000000000,119.1131386861,506.0000000000,119.1131386861
BOS-21-6,250250006011,224,685,144820,8,98.4452579431,224,685,144820,1.0000000000,housing units,198.0000000000,198.0000000000,165.0000000000,165.0000000000
BOS-21-6,250250006041,323,814,71644,8,98.8658296414,709,1519,164762,0.4555712271,housing units,706.0000000000,321.6332863188,592.0000000000,269.6981664316
BOS-21-6,250250006042,99,215,20777,1,98.8923122103,628,1072,122302,0.1576433121,housing units,444.0000000000,69.9936305732,400.0000000000,63.0573248408
BOS-21-6,250250007041,125,309,22553,1,99.1665154488,811,1814,109787,0.1541307028,housing units,594.0000000000,91.5536374846,514.0000000000,79.2231812577
BOS-21-7,250250006041,386,705,93118,1,99.7586731771,709,1519,164762,0.5444287729,housing units,706.0000000000,384.3667136812,592.0000000000,322.3018335684
BOS-21-7,250250007014,261,586,24180,2,98.4884550014,778,1511,65452,0.3354755784,housing units,704.0000000000,236.1748071979,666.0000000000,223.4267352185
BOS-21-7,250250007041,278,653,37067,3,99.8405306273,811,1814,109787,0.3427866831,housing units,594.0000000000,203.6152897657,514.0000000000,176.1923551171
BOS-21-7,250250007044,419,759,16413,1,98.8762134915,548,1077,48433,0.7645985401,housing units,506.0000000000,386.8868613139,506.0000000000,386.8868613139
BOS-21-8,250250007011,317,616,27862,7,97.9390346720,317,616,27862,1.0000000000,housing units,301.0000000000,301.0000000000,248.0000000000,248.0000000000
BOS-21-8,250250007012,512,869,55255,5,99.5847439622,512,869,55255,1.0000000000,housing units,531.0000000000,531.0000000000,462.0000000000,462.0000000000
BOS-21-8,250250007014,517,925,41272,7,100.0000000000,778,1511,65452,0.6645244216,housing units,704.0000000000,467.8251928021,666.0000000000,442.5732647815
BOS-21-8,250250007042,500,845,21219,2,98.2609383801,732,1299,42459,0.6830601093,housing units,595.0000000000,406.4207650273,595.0000000000,406.4207650273
BOS-21-9,250250006031,615,1117,278126,5,99.4770325213,1012,1757,312487,0.6077075099,housing units,1130.0000000000,686.7094861660,969.0000000000,588.8685770751
BOS-21-9,250250006042,529,857,101525,3,99.9835311388,628,1072,122302,0.8423566879,housing units,444.0000000000,374.0063694268,400.0000000000,336.9426751592
BOS-21-9,250250007013,777,1521,81871,14,98.6874743589,777,1521,81871,1.0000000000,housing units,621.0000000000,621.0000000000,507.0000000000,507.0000000000
BOS-22-1,250250001011,60,160,19011,2,100.0000000000,422,1052,140302,0.1421800948,housing units,301.0000000000,42.7962085308,276.0000000000,39.2417061611
BOS-22-1,250250001012,194,482,54830,5,98.1268763535,304,824,109622,0.6381578947,housing units,240.0000000000,153.1578947368,148.0000000000,94.4473684211
BOS-22-1,250250008041,0,0,7611,2,100.0000000000,848,2027,287850,0.0000000000,housing units,752.0000000000,0.0000000000,539.0000000000,0.0000000000
BOS-22-1,250250008042,600,1604,306053,14,99.4713512742,676,1786,319745,0.8875739645,housing units,529.0000000000,469.5266272189,340.0000000000,301.7751479290
BOS-22-1,250250008061,16,53,168341,2,100.0000000000,16,53,168341,1.0000000000,housing units,48.0000000000,48.0000000000,0.0000000000,0.0000000000
BOS-22-1,250250008062,1038,1901,846972,25,98.9393869773,1038,1901,846972,1.0000000000,housing units,694.0000000000,694.0000000000,694.0000000000,694.0000000000
BOS-22-1,250250008063,1,18,401867,3,99.4132629607,1,18,401867,1.0000000000,housing units,0.0000000000,0.0000000000,0.0000000000,0.0000000000
BOS-22-1,250259815011,1,4,272172,16,98.1053541368,1,13,897748,1.0000000000,housing units,0.0000000000,0.0000000000,0.0000000000,0.0000000000
BOS-22-10,250250002012,156,427,49821,3,99.7673273192,322,863,97531,0.4844720497,housing units,512.0000000000,248.0496894410,260.0000000000,125.9627329193
BOS-22-10,250250002014,276,554,56716,3,100.0000000000,377,821,85400,0.7320954907,housing units,418.0000000000,306.0159151194,364.0000000000,266.4827586207
BOS-22-10,250250002021,333,744,108506,3,99.5711103108,361,828,131285,0.9224376731,housing units,246.0000000000,226.9196675900,115.0000000000,106.0803324100
BOS-22-10,250250002022,70,176,30782,3,99.8451219188,310,804,123038,0.2258064516,housing units,354.0000000000,79.9354838710,201.0000000000,45.3870967742
BOS-22-10,250250003021,117,243,101465,2,99.4572714867,616,1471,269292,0.1899350649,housing units,582.0000000000,110.5422077922,288.0000000000,54.7012987013
BOS-22-10,250250004023,69,135,60867,1,99.4349396658,514,1208,261633,0.1342412451,housing units,510.0000000000,68.4630350195,302.0000000000,40.5408560311
BOS-22-11,250250002011,361,966,240994,15,99.4006189657,361,966,240994,1.0000000000,housing units,433.0000000000,433.0000000000,263.0000000000,263.0000000000
BOS-22-11,250250002012,73,183,23173,1,98.7197219224,322,863,97531,0.2267080745,housing units,512.0000000000,116.0745341615,260.0000000000,58.9440993789
BOS-22-11,250250002022,37,88,12378,1,98.7172604569,310,804,123038,0.1193548387,housing units,354.0000000000,42.2516129032,201.0000000000,23.9903225806
BOS-22-11,250250003011,152,426,119771,5,98.0761254785,272,715,221956,0.5588235294,housing units,318.0000000000,177.7058823529,174.0000000000,97.2352941176
BOS-22-11,250259815011,0,0,62942,2,100.0000000000,1,13,897748,0.0000000000,housing units,0.0000000000,0.0000000000,0.0000000000,0.0000000000
BOS-22-12,250250001022,91,260,250777,10,94.6170935296,1312,2694,896291,0.0693597561,housing units,1446.0000000000,100.2942073171,1185.0000000000,82.1913109756
BOS-22-12,250250002022,203,540,79878,4,98.8261145394,310,804,123038,0.6548387097,housing units,354.0000000000,231.8129032258,201.0000000000,131.6225806452
BOS-22-12,250250002023,528,1406,210030,4,98.7649969887,935,2516,347313,0.5647058824,housing units,907.0000000000,512.1882352941,646.0000000000,364.8000000000
BOS-22-12,250259815011,0,0,78543,4,97.7285405192,1,13,897748,0.0000000000,housing units,0.0000000000,0.0000000000,0.0000000000,0.0000000000
BOS-22-13,250250003011,5,26,37800,1,99.9820428305,272,715,221956,0.0183823529,housing units,318.0000000000,5.8455882353,174.0000000000,3.1985294118
BOS-22-13,250250003012,322,831,142614,3,99.8701810235,322,831,142614,1.0000000000,housing units,363.0000000000,363.0000000000,150.0000000000,150.0000000000
BOS-22-13,250250003013,270,656,80356,7,97.0961634040,270,656,80356,1.0000000000,housing units,210.0000000000,210.0000000000,167.0000000000,167.0000000000
BOS-22-2,250250001011,362,892,121291,6,98.4886621800,422,1052,140302,0.8578199052,housing units,301.0000000000,258.2037914692,276.0000000000,236.7582938389
BOS-22-2,250250001012,110,342,54792,5,99.7506365856,304,824,109622,0.3618421053,housing units,240.0000000000,86.8421052632,148.0000000000,53.5526315789
BOS-22-2,250250001021,39,102,74532,1,99.7049325706,383,1020,171144,0.1018276762,housing units,269.0000000000,27.3916449086,171.0000000000,17.4125326371
BOS-22-2,250250001022,262,488,65011,3,99.9804182362,1312,2694,896291,0.1996951220,housing units,1446.0000000000,288.7591463415,1185.0000000000,236.6387195122
BOS-22-2,250250008041,848,2027,280239,17,98.8799871266,848,2027,287850,1.0000000000,housing units,752.0000000000,752.0000000000,539.0000000000,539.0000000000
BOS-22-2,250250008042,76,182,13692,1,99.9998970250,676,1786,319745,0.1124260355,housing units,529.0000000000,59.4733727811,340.0000000000,38.2248520710
BOS-22-3,250250002021,28,84,22779,1,99.5346671553,361,828,131285,0.0775623269,housing units,246.0000000000,19.0803324100,115.0000000000,8.9196675900
BOS-22-3,250250002023,407,1110,137283,7,99.3605366780,935,2516,347313,0.4352941176,housing units,907.0000000000,394.8117647059,646.0000000000,281.2000000000
BOS-22-3,250250004013,206,497,49520,3,98.7360523012,422,1056,116847,0.4881516588,housing units,522.0000000000,254.8151658768,364.0000000000,177.6872037915
BOS-22-3,250250004023,80,132,17241,1,99.4202865092,514,1208,261633,0.1556420233,housing units,510.0000000000,79.3774319066,302.0000000000,47.0038910506
BOS-22-3,250250006012,560,1211,177210,15,96.2889961774,560,1211,177210,1.0000000000,housing units,580.0000000000,580.0000000000,423.0000000000,423.0000000000
BOS-22-4,250250003014,473,934,126505,5,99.8344101553,473,934,126505,1.0000000000,housing units,359.0000000000,359.0000000000,220.0000000000,220.0000000000
BOS-22-4,250250003021,340,859,111878,8,98.9652580742,616,1471,269292,0.5519480519,housing units,582.0000000000,321.2337662338,288.0000000000,158.9610389610
BOS-22-4,250250003022,111,274,87139,3,98.5698663384,755,1601,320687,0.1470198675,housing units,791.0000000000,116.2927152318,424.0000000000,62.3364238411
BOS-22-5,250250001021,344,918,96612,9,99.5062886669,383,1020,171144,0.8981723238,housing units,269.0000000000,241.6083550914,171.0000000000,153.5874673629
BOS-22-5,250250001022,959,1946,580503,24,98.3556038329,1312,2694,896291,0.7309451220,housing units,1446.0000000000,1056.9466463415,1185.0000000000,866.1699695122
BOS-22-5,250259815011,0,0,121504,2,98.8144415184,1,13,897748,0.0000000000,housing units,0.0000000000,0.0000000000,0.0000000000,0.0000000000
BOS-22-6,250250006013,301,846,84833,12,98.1949531885,301,846,84833,1.0000000000,housing units,207.0000000000,207.0000000000,161.0000000000,161.0000000000
BOS-22-6,250250006014,525,1016,88403,8,99.4856404491,525,1016,88403,1.0000000000,housing units,554.0000000000,554.0000000000,434.0000000000,434.0000000000
BOS-22-7,250250002012,93,253,24537,1,99.7088847017,322,863,97531,0.2888198758,housing units,512.0000000000,147.8757763975,260.0000000000,75.0931677019
BOS-22-7,250250002013,548,1303,175302,6,99.9265037284,548,1303,175302,1.0000000000,housing units,496.0000000000,496.0000000000,402.0000000000,402.0000000000
BOS-22-7,250250002014,101,267,28684,1,99.6240541246,377,821,85400,0.2679045093,housing units,418.0000000000,111.9840848806,364.0000000000,97.5172413793
BOS-22-7,250250003011,115,263,64385,2,100.0000000000,272,715,221956,0.4227941176,housing units,318.0000000000,134.4485294118,174.0000000000,73.5661764706
BOS-22-7,250250003021,159,369,55949,2,98.5350293388,616,1471,269292,0.2581168831,housing units,582.0000000000,150.2240259740,288.0000000000,74.3376623377
BOS-22-8,250250003022,644,1327,233548,6,99.4120837373,755,1601,320687,0.8529801325,housing units,791.0000000000,674.7072847682,424.0000000000,361.6635761589
BOS-22-8,250250004022,330,864,367511,14,98.8462594719,373,967,383015,0.8847184987,housing units,374.0000000000,330.8847184987,346.0000000000,306.1126005362
BOS-22-9,250250004021,734,1469,162121,7,98.7103845881,734,1469,162121,1.0000000000,housing units,538.0000000000,538.0000000000,424.0000000000,424.0000000000
BOS-22-9,250250004022,43,103,15504,1,98.6529413560,373,967,383015,0.1152815013,housing units,374.0000000000,43.1152815013,346.0000000000,39.8873994638
BOS-22-9,250250004023,294,775,154614,4,99.6835428272,514,1208,261633,0.5719844358,housing units,510.0000000000,291.7120622568,302.0000000000,172.7392996109
