id,label,municipality,ward,precinct,renterSharePct,renterHouseholdsEst,occupiedHouseholdsEst,brownsberger_votes,lander_votes,twoCandidateVotes,brownsbergerSharePct,renterDeviationPp,voteDeviationPp,registered_voters,ballots_cast_total,turnoutPct
BOS-04-10,"Boston · Ward 4, Precinct 10",Boston,4,10,91.60000000,487.80000000,532.40000000,25,20,45,55.55555556,10.65714286,15.62653606,459,49,10.67538126
BOS-04-12,"Boston · Ward 4, Precinct 12",Boston,4,12,78.70000000,352.70000000,448.10000000,31,33,64,48.43750000,-2.24285714,8.50848051,501,72,14.37125749
BOS-05-02,"Boston · Ward 5, Precinct 2",Boston,5,2,88.60000000,1236.00000000,1394.60000000,92,119,211,43.60189573,7.65714286,3.67287624,1587,238,14.99684940
BOS-05-10,"Boston · Ward 5, Precinct 10",Boston,5,10,83.30000000,947.00000000,1137.20000000,57,91,148,38.51351351,2.35714286,-1.41550598,1215,167,13.74485597
BOS-05-12,"Boston · Ward 5, Precinct 12",Boston,5,12,98.00000000,1576.50000000,1608.50000000,61,94,155,39.35483871,17.05714286,-0.57418078,1177,168,14.27357689
BOS-05-15,"Boston · Ward 5, Precinct 15",Boston,5,15,79.30000000,739.30000000,932.80000000,105,67,172,61.04651163,-1.64285714,21.11749213,1237,208,16.81487470
BOS-21-01,"Boston · Ward 21, Precinct 1",Boston,21,1,92.50000000,2054.00000000,2219.80000000,102,169,271,37.63837638,11.55714286,-2.29064311,1845,295,15.98915989
BOS-21-02,"Boston · Ward 21, Precinct 2",Boston,21,2,96.60000000,241.10000000,249.70000000,10,26,36,27.77777778,15.65714286,-12.15124172,569,40,7.02987698
BOS-21-03,"Boston · Ward 21, Precinct 3",Boston,21,3,97.60000000,1363.80000000,1397.10000000,44,115,159,27.67295597,16.65714286,-12.25606352,1257,174,13.84248210
BOS-21-04,"Boston · Ward 21, Precinct 4",Boston,21,4,98.20000000,786.00000000,800.00000000,48,96,144,33.33333333,17.25714286,-6.59568616,1120,153,13.66071429
BOS-21-05,"Boston · Ward 21, Precinct 5",Boston,21,5,91.30000000,1029.50000000,1127.50000000,84,169,253,33.20158103,10.35714286,-6.72743847,1557,269,17.27681439
BOS-21-06,"Boston · Ward 21, Precinct 6",Boston,21,6,84.70000000,577.00000000,681.20000000,123,156,279,44.08602151,3.75714286,4.15700201,1177,306,25.99830076
BOS-21-07,"Boston · Ward 21, Precinct 7",Boston,21,7,91.60000000,1108.80000000,1211.00000000,90,155,245,36.73469388,10.65714286,-3.19432562,1602,271,16.91635456
BOS-21-08,"Boston · Ward 21, Precinct 8",Boston,21,8,91.40000000,1559.00000000,1706.20000000,87,227,314,27.70700637,10.45714286,-12.22201312,1940,337,17.37113402
BOS-21-09,"Boston · Ward 21, Precinct 9",Boston,21,9,85.20000000,1432.80000000,1681.70000000,106,232,338,31.36094675,4.25714286,-8.56807275,2617,372,14.21474971
BOS-21-10,"Boston · Ward 21, Precinct 10",Boston,21,10,82.00000000,1092.80000000,1333.00000000,64,191,255,25.09803922,1.05714286,-14.83098028,1637,280,17.10445938
BOS-21-11,"Boston · Ward 21, Precinct 11",Boston,21,11,82.90000000,998.30000000,1204.80000000,92,174,266,34.58646617,1.95714286,-5.34255333,1816,293,16.13436123
BOS-21-12,"Boston · Ward 21, Precinct 12",Boston,21,12,88.30000000,898.00000000,1016.60000000,109,130,239,45.60669456,7.35714286,5.67767507,1616,283,17.51237624
BOS-21-13,"Boston · Ward 21, Precinct 13",Boston,21,13,87.90000000,1432.10000000,1629.20000000,161,203,364,44.23076923,6.95714286,4.30174974,2137,423,19.79410388
BOS-21-14,"Boston · Ward 21, Precinct 14",Boston,21,14,83.60000000,820.30000000,980.60000000,70,122,192,36.45833333,2.65714286,-3.47068616,1083,211,19.48291782
BOS-21-15,"Boston · Ward 21, Precinct 15",Boston,21,15,85.50000000,867.30000000,1014.00000000,80,163,243,32.92181070,4.55714286,-7.00720879,1307,265,20.27543994
BOS-21-16,"Boston · Ward 21, Precinct 16",Boston,21,16,83.50000000,1080.50000000,1293.80000000,183,176,359,50.97493036,2.55714286,11.04591087,1671,404,24.17713944
BOS-22-01,"Boston · Ward 22, Precinct 1",Boston,22,1,80.20000000,1129.50000000,1407.50000000,113,169,282,40.07092199,-0.74285714,0.14190249,2140,329,15.37383178
BOS-22-02,"Boston · Ward 22, Precinct 2",Boston,22,2,76.20000000,1121.60000000,1472.70000000,159,268,427,37.23653396,-4.74285714,-2.69248554,2650,486,18.33962264
BOS-22-03,"Boston · Ward 22, Precinct 3",Boston,22,3,70.60000000,937.80000000,1328.10000000,148,239,387,38.24289406,-10.34285714,-1.68612544,2046,446,21.79863148
BOS-22-04,"Boston · Ward 22, Precinct 4",Boston,22,4,55.40000000,441.30000000,796.50000000,163,200,363,44.90358127,-25.54285714,4.97456177,1432,395,27.58379888
BOS-22-05,"Boston · Ward 22, Precinct 5",Boston,22,5,78.50000000,1019.80000000,1298.60000000,76,159,235,32.34042553,-2.44285714,-7.58859396,1804,263,14.57871397
BOS-22-06,"Boston · Ward 22, Precinct 6",Boston,22,6,78.20000000,595.00000000,761.00000000,74,114,188,39.36170213,-2.74285714,-0.56731737,1218,222,18.22660099
BOS-22-07,"Boston · Ward 22, Precinct 7",Boston,22,7,69.40000000,722.50000000,1040.50000000,148,192,340,43.52941176,-11.54285714,3.60039227,1673,373,22.29527794
BOS-22-08,"Boston · Ward 22, Precinct 8",Boston,22,8,66.40000000,667.80000000,1005.60000000,118,112,230,51.30434783,-14.54285714,11.37532833,1271,269,21.16443745
BOS-22-09,"Boston · Ward 22, Precinct 9",Boston,22,9,72.90000000,636.60000000,872.80000000,111,141,252,44.04761905,-8.04285714,4.11859955,1479,300,20.28397566
BOS-22-10,"Boston · Ward 22, Precinct 10",Boston,22,10,61.50000000,639.20000000,1039.90000000,120,222,342,35.08771930,-19.44285714,-4.84130020,1631,385,23.60515021
BOS-22-11,"Boston · Ward 22, Precinct 11",Boston,22,11,57.60000000,443.20000000,769.00000000,110,155,265,41.50943396,-23.34285714,1.58041447,1145,292,25.50218341
BOS-22-12,"Boston · Ward 22, Precinct 12",Boston,22,12,68.50000000,578.60000000,844.30000000,102,125,227,44.93392070,-12.44285714,5.00490121,1540,268,17.40259740
BOS-22-13,"Boston · Ward 22, Precinct 13",Boston,22,13,55.30000000,320.20000000,578.80000000,103,107,210,49.04761905,-25.64285714,9.11859955,1066,244,22.88930582
CAM-08-02,"Cambridge · Ward 8, Precinct 2",Cambridge,8,2,47.90000000,642.10000000,1341.30000000,392,327,719,54.52016690,1.05000000,7.87587662,2015,800,39.70223325
CAM-09-01,"Cambridge · Ward 9, Precinct 1",Cambridge,9,1,24.60000000,462.90000000,1878.30000000,530,593,1123,47.19501336,-22.25000000,0.55072308,2855,1191,41.71628722
CAM-09-02,"Cambridge · Ward 9, Precinct 2",Cambridge,9,2,61.10000000,1132.10000000,1851.60000000,357,435,792,45.07575758,14.25000000,-1.56853270,2728,875,32.07478006
CAM-09-03,"Cambridge · Ward 9, Precinct 3",Cambridge,9,3,53.80000000,831.50000000,1546.20000000,335,507,842,39.78622328,6.95000000,-6.85806700,2462,906,36.79935012
WAT-00-01,Watertown · Precinct 1,Watertown,,1,56.70000000,831.80000000,1466.60000000,232,175,407,57.00245700,5.08333333,8.03552365,1987,467,23.50276799
WAT-00-02,Watertown · Precinct 2,Watertown,,2,62.60000000,810.10000000,1293.60000000,217,342,559,38.81932021,10.98333333,-10.14761314,2074,602,29.02603664
WAT-00-03,Watertown · Precinct 3,Watertown,,3,47.70000000,656.00000000,1376.00000000,282,364,646,43.65325077,-3.91666667,-5.31368258,2030,709,34.92610837
WAT-00-04,Watertown · Precinct 4,Watertown,,4,41.20000000,627.70000000,1523.40000000,365,410,775,47.09677419,-10.41666667,-1.87015916,2255,845,37.47228381
WAT-00-05,Watertown · Precinct 5,Watertown,,5,69.00000000,1035.10000000,1499.90000000,193,266,459,42.04793028,17.38333333,-6.91900307,1918,496,25.86027112
WAT-00-06,Watertown · Precinct 6,Watertown,,6,56.40000000,762.50000000,1351.50000000,215,255,470,45.74468085,4.78333333,-3.22225250,1911,513,26.84458399
WAT-00-07,Watertown · Precinct 7,Watertown,,7,29.50000000,333.20000000,1130.50000000,350,309,659,53.11077390,-22.11666667,4.14384055,2169,752,34.67035500
WAT-00-08,Watertown · Precinct 8,Watertown,,8,36.30000000,384.00000000,1056.90000000,338,318,656,51.52439024,-15.31666667,2.55745689,2016,722,35.81349206
WAT-00-09,Watertown · Precinct 9,Watertown,,9,60.30000000,855.00000000,1418.00000000,218,227,445,48.98876404,8.68333333,0.02183069,1842,526,28.55591748
WAT-00-10,Watertown · Precinct 10,Watertown,,10,59.90000000,891.30000000,1488.60000000,303,242,545,55.59633028,8.28333333,6.62939692,2211,655,29.62460425
WAT-00-11,Watertown · Precinct 11,Watertown,,11,53.90000000,680.70000000,1262.00000000,320,318,638,50.15673981,2.28333333,1.18980646,2101,764,36.36363636
WAT-00-12,Watertown · Precinct 12,Watertown,,12,45.90000000,689.80000000,1504.10000000,265,227,492,53.86178862,-5.71666667,4.89485527,2085,606,29.06474820
BEL-00-01,Belmont · Precinct 1,Belmont,,1,29.80000000,380.50000000,1275.50000000,625,197,822,76.03406326,-4.76250000,7.56503221,2390,920,38.49372385
BEL-00-02,Belmont · Precinct 2,Belmont,,2,2.70000000,31.30000000,1150.80000000,529,169,698,75.78796562,-31.86250000,7.31893457,2758,833,30.20304569
BEL-00-03,Belmont · Precinct 3,Belmont,,3,39.70000000,500.50000000,1260.00000000,480,235,715,67.13286713,5.13750000,-1.33616391,2464,827,33.56331169
BEL-00-04,Belmont · Precinct 4,Belmont,,4,39.00000000,530.70000000,1360.60000000,337,230,567,59.43562610,4.43750000,-9.03340495,2186,647,29.59743824
BEL-00-05,Belmont · Precinct 5,Belmont,,5,53.80000000,748.40000000,1392.20000000,456,262,718,63.50974930,19.23750000,-4.95928174,2409,802,33.29182233
BEL-00-06,Belmont · Precinct 6,Belmont,,6,26.30000000,350.30000000,1333.10000000,683,280,963,70.92419522,-8.26250000,2.45516418,2638,1057,40.06823351
BEL-00-07,Belmont · Precinct 7,Belmont,,7,47.60000000,658.20000000,1381.60000000,442,259,701,63.05278174,13.03750000,-5.41624931,2374,809,34.07750632
BEL-00-08,Belmont · Precinct 8,Belmont,,8,37.60000000,473.00000000,1258.30000000,460,180,640,71.87500000,3.03750000,3.40596895,2153,742,34.46353925
