old_precinct_id,current_precinct_id,population_2020,housing_units_2020,land_area_sq_m_2020,census_block_count,old_population_2020,old_housing_units_2020,old_land_area_sq_m_2020,allocation_weight,weight_basis,source_piece_count,target_source_count
BOS-01-1,BOS-01-1,2340,1121,7077273,57,2340,1121,7077273,1.0,2020 population,1,2
BOS-01-10,BOS-01-10,2496,874,332987,29,2496,874,332987,1.0,2020 population,1,1
BOS-01-11,BOS-01-11,2610,1101,552513,37,2610,1101,552513,1.0,2020 population,1,1
BOS-01-12,BOS-01-1,0,0,0,1,2492,977,1216675,0.0,2020 population,2,2
BOS-01-12,BOS-01-12,2492,977,1216675,33,2492,977,1216675,1.0,2020 population,2,1
BOS-01-13,BOS-01-13,3817,1547,703173,21,3817,1547,703173,1.0,2020 population,2,1
BOS-01-13,BOS-01-14,0,0,0,1,3817,1547,703173,0.0,2020 population,2,2
BOS-01-14,BOS-01-14,1867,668,1625934,18,1867,668,1625934,1.0,2020 population,1,2
BOS-01-15,BOS-01-15,0,0,1830394,6,0,0,1830394,1.0,land area fallback,1,1
BOS-01-2,BOS-01-2,2603,1083,188805,12,2603,1083,188805,1.0,2020 population,1,1
BOS-01-3,BOS-01-3,5111,2815,388106,32,5111,2815,388106,1.0,2020 population,1,1
BOS-01-4,BOS-01-4,3019,1435,260631,27,3019,1435,260631,1.0,2020 population,1,1
BOS-01-5,BOS-01-5,3539,1418,405216,24,3539,1418,405216,1.0,2020 population,1,1
BOS-01-6,BOS-01-6,3301,1266,206607,15,3301,1266,206607,1.0,2020 population,1,1
BOS-01-7,BOS-01-7,3331,1218,230252,15,3331,1218,230252,1.0,2020 population,1,1
BOS-01-8,BOS-01-8,3826,1487,308403,16,3826,1487,308403,1.0,2020 population,1,1
BOS-01-9,BOS-01-9,2721,1010,317260,15,2721,1010,317260,1.0,2020 population,1,1
BOS-02-1,BOS-02-1,1231,609,340277,29,2669,1432,713656,0.46122143,2020 population,3,3
BOS-02-1,BOS-02-3,1438,823,196867,24,2669,1432,713656,0.53877857,2020 population,3,3
BOS-02-1,BOS-02-7,0,0,176512,7,2669,1432,713656,0.0,2020 population,3,2
BOS-02-2,BOS-02-2,2081,1323,396052,20,4520,2354,1038340,0.46039823,2020 population,4,1
BOS-02-2,BOS-02-3,0,0,0,1,4520,2354,1038340,0.0,2020 population,4,3
BOS-02-2,BOS-02-4,229,82,44427,6,4520,2354,1038340,0.05066372,2020 population,4,4
BOS-02-2,BOS-02-8,2210,949,597861,25,4520,2354,1038340,0.48893805,2020 population,4,2
BOS-02-3,BOS-02-1,177,81,8173,3,1966,941,144408,0.09003052,2020 population,3,3
BOS-02-3,BOS-02-3,922,432,81867,8,1966,941,144408,0.46897253,2020 population,3,3
BOS-02-3,BOS-02-4,867,428,54368,8,1966,941,144408,0.44099695,2020 population,3,4
BOS-02-4,BOS-02-4,1168,487,59210,14,2537,1108,132138,0.46038628,2020 population,3,4
BOS-02-4,BOS-02-5,214,103,9403,1,2537,1108,132138,0.0843516,2020 population,3,3
BOS-02-4,BOS-02-8,1155,518,63525,11,2537,1108,132138,0.45526212,2020 population,3,2
BOS-02-5,BOS-02-4,180,76,10321,1,2029,968,149196,0.08871365,2020 population,3,4
BOS-02-5,BOS-02-5,1318,637,85570,11,2029,968,149196,0.64958107,2020 population,3,3
BOS-02-5,BOS-02-6,531,255,53305,3,2029,968,149196,0.26170527,2020 population,3,3
BOS-02-6,BOS-02-1,1514,620,83891,11,2813,1212,171626,0.53821543,2020 population,3,3
BOS-02-6,BOS-02-5,733,338,53033,8,2813,1212,171626,0.2605759,2020 population,3,3
BOS-02-6,BOS-02-6,566,254,34702,4,2813,1212,171626,0.20120867,2020 population,3,3
BOS-02-7,BOS-02-6,826,415,83700,6,2586,1510,1154381,0.31941222,2020 population,2,3
BOS-02-7,BOS-02-7,1760,1095,1070681,47,2586,1510,1154381,0.68058778,2020 population,2,2
BOS-03-1,BOS-03-1,1951,1167,151317,14,4026,2490,257048,0.4846001,2020 population,4,2
BOS-03-1,BOS-03-11,161,113,10503,1,4026,2490,257048,0.03999006,2020 population,4,3
BOS-03-1,BOS-03-2,1911,1210,75709,22,4026,2490,257048,0.47466468,2020 population,4,2
BOS-03-1,BOS-03-6,3,0,19519,4,4026,2490,257048,0.00074516,2020 population,4,4
BOS-03-2,BOS-03-10,0,0,0,1,2346,1480,169708,0.0,2020 population,3,4
BOS-03-2,BOS-03-11,1542,1018,54187,12,2346,1480,169708,0.657289,2020 population,3,3
BOS-03-2,BOS-03-2,804,462,115521,10,2346,1480,169708,0.342711,2020 population,3,2
BOS-03-3,BOS-03-1,488,339,16364,7,2603,1678,128833,0.18747599,2020 population,5,2
BOS-03-3,BOS-03-11,519,312,21090,3,2603,1678,128833,0.19938532,2020 population,5,3
BOS-03-3,BOS-03-3,978,650,42564,4,2603,1678,128833,0.37572032,2020 population,5,2
BOS-03-3,BOS-03-4,618,377,28428,5,2603,1678,128833,0.23741836,2020 population,5,2
BOS-03-3,BOS-03-6,0,0,20387,5,2603,1678,128833,0.0,2020 population,5,4
BOS-03-4,BOS-03-10,775,516,32693,8,2890,1878,106356,0.26816609,2020 population,4,4
BOS-03-4,BOS-03-3,825,522,18891,4,2890,1878,106356,0.28546713,2020 population,4,2
BOS-03-4,BOS-03-4,1290,840,43599,9,2890,1878,106356,0.44636678,2020 population,4,2
BOS-03-4,BOS-03-6,0,0,11173,3,2890,1878,106356,0.0,2020 population,4,4
BOS-03-5,BOS-03-10,1378,1135,226541,15,5799,4087,639047,0.23762718,2020 population,3,4
BOS-03-5,BOS-03-5,2255,1495,75405,3,5799,4087,639047,0.38886015,2020 population,3,1
BOS-03-5,BOS-03-9,2166,1457,337101,19,5799,4087,639047,0.37351267,2020 population,3,1
BOS-03-6,BOS-03-10,1131,640,112361,11,7744,4987,1103672,0.14604855,2020 population,6,4
BOS-03-6,BOS-03-12,1225,642,105474,14,7744,4987,1103672,0.15818698,2020 population,6,2
BOS-03-6,BOS-03-13,1515,963,337091,49,7744,4987,1103672,0.19563533,2020 population,6,2
BOS-03-6,BOS-03-14,229,214,64334,6,7744,4987,1103672,0.02957128,2020 population,6,2
BOS-03-6,BOS-03-17,1803,1279,58101,6,7744,4987,1103672,0.23282541,2020 population,6,1
BOS-03-6,BOS-03-6,1841,1249,426311,53,7744,4987,1103672,0.23773244,2020 population,6,4
BOS-03-7,BOS-03-16,2767,1363,214584,19,4653,2432,304292,0.59467011,2020 population,2,1
BOS-03-7,BOS-03-7,1886,1069,89708,10,4653,2432,304292,0.40532989,2020 population,2,1
BOS-03-8,BOS-03-12,3236,1638,101274,10,14304,7696,945957,0.22623043,2020 population,7,2
BOS-03-8,BOS-03-13,198,72,48416,7,14304,7696,945957,0.01384228,2020 population,7,2
BOS-03-8,BOS-03-14,2985,1380,433219,46,14304,7696,945957,0.20868289,2020 population,7,2
BOS-03-8,BOS-03-15,2297,1567,151458,12,14304,7696,945957,0.16058445,2020 population,7,1
BOS-03-8,BOS-03-8,5588,3039,211590,27,14304,7696,945957,0.39065996,2020 population,7,1
BOS-03-8,BOS-06-1,0,0,0,1,14304,7696,945957,0.0,2020 population,7,2
BOS-03-8,BOS-08-6,0,0,0,1,14304,7696,945957,0.0,2020 population,7,8
BOS-04-1,BOS-04-1,1781,1069,91341,12,2310,1357,123329,0.77099567,2020 population,3,1
BOS-04-1,BOS-04-3,364,198,19791,4,2310,1357,123329,0.15757576,2020 population,3,3
BOS-04-1,BOS-04-4,165,90,12197,1,2310,1357,123329,0.07142857,2020 population,3,3
BOS-04-10,BOS-04-10,5412,440,781109,38,6054,444,797753,0.89395441,2020 population,2,2
BOS-04-10,BOS-04-9,642,4,16644,3,6054,444,797753,0.10604559,2020 population,2,2
BOS-04-2,BOS-04-2,1729,1270,214971,17,4651,3069,460482,0.37174801,2020 population,3,2
BOS-04-2,BOS-04-3,1348,698,92571,12,4651,3069,460482,0.28983014,2020 population,3,3
BOS-04-2,BOS-04-6,1574,1101,152940,9,4651,3069,460482,0.33842184,2020 population,3,3
BOS-04-3,BOS-04-3,815,440,50334,8,1557,858,90926,0.52344252,2020 population,2,3
BOS-04-3,BOS-04-4,742,418,40592,5,1557,858,90926,0.47655748,2020 population,2,3
BOS-04-4,BOS-04-4,1453,869,63587,9,2331,1321,119993,0.62333762,2020 population,2,3
BOS-04-4,BOS-04-5,878,452,56406,5,2331,1321,119993,0.37666238,2020 population,2,2
BOS-04-5,BOS-04-2,235,160,7744,1,2677,1741,143404,0.08778483,2020 population,4,2
BOS-04-5,BOS-04-5,2060,1200,69549,10,2677,1741,143404,0.76951812,2020 population,4,2
BOS-04-5,BOS-04-6,96,165,57889,3,2677,1741,143404,0.03586104,2020 population,4,3
BOS-04-5,BOS-04-7,286,216,8222,2,2677,1741,143404,0.10683601,2020 population,4,3
BOS-04-6,BOS-04-6,1720,575,65828,7,3563,1865,118574,0.48273926,2020 population,2,3
BOS-04-6,BOS-04-7,1843,1290,52746,7,3563,1865,118574,0.51726074,2020 population,2,3
BOS-04-7,BOS-04-12,1767,464,114316,10,4220,1892,169596,0.41872038,2020 population,4,3
BOS-04-7,BOS-04-7,1050,697,27587,3,4220,1892,169596,0.24881517,2020 population,4,3
BOS-04-7,BOS-04-8,1403,731,26567,2,4220,1892,169596,0.33246445,2020 population,4,2
BOS-04-7,BOS-05-15,0,0,1126,1,4220,1892,169596,0.0,2020 population,4,3
BOS-04-8,BOS-04-11,1242,84,119765,6,5671,1401,270853,0.21900899,2020 population,2,1
BOS-04-8,BOS-04-8,4429,1317,151088,20,5671,1401,270853,0.78099101,2020 population,2,2
BOS-04-9,BOS-04-10,682,221,91695,4,5351,709,388248,0.12745281,2020 population,3,2
BOS-04-9,BOS-04-12,448,107,44274,6,5351,709,388248,0.08372267,2020 population,3,3
BOS-04-9,BOS-04-9,4221,381,252279,13,5351,709,388248,0.78882452,2020 population,3,2
BOS-05-1,BOS-05-1,4141,1112,163626,16,7844,3451,489252,0.52791943,2020 population,4,1
BOS-05-1,BOS-05-13,2110,1402,205244,28,7844,3451,489252,0.26899541,2020 population,4,1
BOS-05-1,BOS-05-14,1593,937,117253,14,7844,3451,489252,0.20308516,2020 population,4,1
BOS-05-1,BOS-05-3,0,0,3129,1,7844,3451,489252,0.0,2020 population,4,4
BOS-05-10,BOS-05-10,5725,1480,320047,43,6647,2050,394952,0.86129081,2020 population,3,2
BOS-05-10,BOS-05-12,0,0,844,1,6647,2050,394952,0.0,2020 population,3,3
BOS-05-10,BOS-05-15,922,570,74061,8,6647,2050,394952,0.13870919,2020 population,3,3
BOS-05-11,BOS-05-11,454,256,29890,2,1517,1031,129289,0.29927488,2020 population,3,2
BOS-05-11,BOS-05-3,424,255,17734,7,1517,1031,129289,0.27949901,2020 population,3,4
BOS-05-11,BOS-05-5,639,520,81665,8,1517,1031,129289,0.4212261,2020 population,3,4
BOS-05-2,BOS-04-12,0,0,0,1,3143,2079,302455,0.0,2020 population,3,3
BOS-05-2,BOS-05-12,1692,1097,151730,6,3143,2079,302455,0.53833917,2020 population,3,3
BOS-05-2,BOS-05-2,1451,982,150725,10,3143,2079,302455,0.46166083,2020 population,3,2
BOS-05-2A,BOS-05-12,1082,717,59380,4,2342,1583,104753,0.46199829,2020 population,2,3
BOS-05-2A,BOS-05-2,1260,866,45373,5,2342,1583,104753,0.53800171,2020 population,2,2
BOS-05-3,BOS-05-3,1928,1203,436551,15,2156,1336,451853,0.89424861,2020 population,2,4
BOS-05-3,BOS-05-5,228,133,15302,2,2156,1336,451853,0.10575139,2020 population,2,4
BOS-05-4,BOS-05-11,772,484,19180,2,2988,1874,70118,0.2583668,2020 population,3,2
BOS-05-4,BOS-05-3,408,254,12874,2,2988,1874,70118,0.13654618,2020 population,3,4
BOS-05-4,BOS-05-4,1808,1136,38064,9,2988,1874,70118,0.60508701,2020 population,3,1
BOS-05-5,BOS-05-5,872,517,53915,11,872,517,53915,1.0,2020 population,1,4
BOS-05-6,BOS-05-5,0,0,48379,9,2500,1490,236143,0.0,2020 population,2,4
BOS-05-6,BOS-05-6,2500,1490,187764,22,2500,1490,236143,1.0,2020 population,2,1
BOS-05-7,BOS-05-7,2655,1915,222518,25,2655,1915,222518,1.0,2020 population,1,1
BOS-05-8,BOS-05-8,2857,1806,208056,25,2857,1806,208056,1.0,2020 population,1,1
BOS-05-9,BOS-05-10,0,0,48277,9,4271,2571,294598,0.0,2020 population,3,2
BOS-05-9,BOS-05-15,1518,733,51139,7,4271,2571,294598,0.35542028,2020 population,3,3
BOS-05-9,BOS-05-9,2753,1838,195182,27,4271,2571,294598,0.64457972,2020 population,3,1
BOS-06-1,BOS-06-1,2686,1444,344445,36,10181,6949,2789251,0.26382477,2020 population,7,2
BOS-06-1,BOS-06-10,831,508,60775,6,10181,6949,2789251,0.08162263,2020 population,7,3
BOS-06-1,BOS-06-11,2257,1921,956765,46,10181,6949,2789251,0.22168746,2020 population,7,2
BOS-06-1,BOS-06-12,3322,2701,1292456,62,10181,6949,2789251,0.32629408,2020 population,7,2
BOS-06-1,BOS-06-2,701,240,46593,7,10181,6949,2789251,0.06885375,2020 population,7,3
BOS-06-1,BOS-06-3,384,135,26354,3,10181,6949,2789251,0.03771732,2020 population,7,3
BOS-06-1,BOS-08-6,0,0,61863,2,10181,6949,2789251,0.0,2020 population,7,8
BOS-06-2,BOS-06-2,296,93,42418,3,1987,962,154912,0.14896829,2020 population,2,3
BOS-06-2,BOS-06-3,1691,869,112494,13,1987,962,154912,0.85103171,2020 population,2,3
BOS-06-3,BOS-06-10,914,495,59319,7,2693,1400,155257,0.33939844,2020 population,3,3
BOS-06-3,BOS-06-2,1243,639,65246,9,2693,1400,155257,0.46156703,2020 population,3,3
BOS-06-3,BOS-06-3,536,266,30692,5,2693,1400,155257,0.19903453,2020 population,3,3
BOS-06-4,BOS-06-10,261,162,20238,3,2371,1248,474247,0.11008013,2020 population,7,3
BOS-06-4,BOS-06-11,0,0,240865,3,2371,1248,474247,0.0,2020 population,7,2
BOS-06-4,BOS-06-12,0,0,1902,1,2371,1248,474247,0.0,2020 population,7,2
BOS-06-4,BOS-06-4,1469,739,135805,13,2371,1248,474247,0.6195698,2020 population,7,1
BOS-06-4,BOS-06-5,428,231,32897,4,2371,1248,474247,0.18051455,2020 population,7,2
BOS-06-4,BOS-06-6,213,116,12398,1,2371,1248,474247,0.08983551,2020 population,7,4
BOS-06-4,BOS-06-7,0,0,30142,2,2371,1248,474247,0.0,2020 population,7,4
BOS-06-5,BOS-06-5,1670,915,115970,11,2436,1329,349600,0.68555008,2020 population,3,2
BOS-06-5,BOS-06-6,766,414,82709,7,2436,1329,349600,0.31444992,2020 population,3,4
BOS-06-5,BOS-06-7,0,0,150921,5,2436,1329,349600,0.0,2020 population,3,4
BOS-06-6,BOS-06-6,643,296,56632,5,1899,994,133458,0.33859926,2020 population,2,4
BOS-06-6,BOS-06-8,1256,698,76826,5,1899,994,133458,0.66140074,2020 population,2,2
BOS-06-7,BOS-06-6,572,295,53569,4,2239,1059,506573,0.25547119,2020 population,2,4
BOS-06-7,BOS-06-7,1667,764,453004,12,2239,1059,506573,0.74452881,2020 population,2,4
BOS-06-8,BOS-06-8,1214,568,78976,8,1994,1045,125578,0.60882648,2020 population,2,2
BOS-06-8,BOS-06-9,780,477,46602,4,1994,1045,125578,0.39117352,2020 population,2,2
BOS-06-9,BOS-06-7,344,158,48825,3,1842,908,859608,0.18675353,2020 population,2,4
BOS-06-9,BOS-06-9,1498,750,810783,18,1842,908,859608,0.81324647,2020 population,2,2
BOS-07-1,BOS-07-1,1780,846,231279,20,1780,846,231279,1.0,2020 population,1,1
BOS-07-10,BOS-07-10,2414,891,266798,17,2414,891,266798,1.0,2020 population,1,1
BOS-07-2,BOS-07-2,2365,1156,139824,13,2365,1156,139824,1.0,2020 population,1,1
BOS-07-3,BOS-07-3,2512,1379,259861,22,2512,1379,259861,1.0,2020 population,1,1
BOS-07-4,BOS-07-4,2108,1008,130924,15,2108,1008,130924,1.0,2020 population,1,1
BOS-07-5,BOS-07-5,2041,1058,545659,40,2041,1058,548176,1.0,2020 population,2,1
BOS-07-5,BOS-08-6,0,0,2517,1,2041,1058,548176,0.0,2020 population,2,8
BOS-07-6,BOS-07-6,2216,1105,224352,29,2216,1105,224352,1.0,2020 population,1,1
BOS-07-7,BOS-07-7,2669,1252,532619,20,2669,1252,532619,1.0,2020 population,1,1
BOS-07-8,BOS-07-8,2151,1229,648511,24,2151,1229,648511,1.0,2020 population,1,2
BOS-07-9,BOS-07-9,1796,804,329547,12,1796,804,329547,1.0,2020 population,1,1
BOS-08-1,BOS-08-1,1282,847,122008,10,2281,1403,543608,0.5620342,2020 population,3,2
BOS-08-1,BOS-08-2,502,290,18142,2,2281,1403,543608,0.22007891,2020 population,3,2
BOS-08-1,BOS-08-6,497,266,403458,24,2281,1403,543608,0.21788689,2020 population,3,8
BOS-08-2,BOS-08-1,996,639,57244,5,4522,1983,649077,0.22025652,2020 population,4,2
BOS-08-2,BOS-08-2,1697,786,227065,12,4522,1983,649077,0.37527643,2020 population,4,2
BOS-08-2,BOS-08-4,897,557,40991,7,4522,1983,649077,0.19836356,2020 population,4,3
BOS-08-2,BOS-08-6,932,1,323777,21,4522,1983,649077,0.20610349,2020 population,4,8
BOS-08-3,BOS-08-3,908,405,109002,9,2426,946,467435,0.37427865,2020 population,4,3
BOS-08-3,BOS-08-4,1291,447,155148,9,2426,946,467435,0.53215169,2020 population,4,3
BOS-08-3,BOS-08-6,227,94,202256,18,2426,946,467435,0.09356966,2020 population,4,8
BOS-08-3,BOS-09-3,0,0,1029,1,2426,946,467435,0.0,2020 population,4,3
BOS-08-4,BOS-08-3,547,194,44844,2,1185,427,199882,0.46160338,2020 population,2,3
BOS-08-4,BOS-08-4,638,233,155038,19,1185,427,199882,0.53839662,2020 population,2,3
BOS-08-5,BOS-08-5,2393,847,256715,22,2393,847,256715,1.0,2020 population,1,2
BOS-08-6,BOS-08-5,698,244,115742,10,987,428,534614,0.70719352,2020 population,2,2
BOS-08-6,BOS-08-6,289,184,418872,22,987,428,534614,0.29280648,2020 population,2,8
BOS-08-7,BOS-08-3,1484,559,167499,12,1648,609,185491,0.90048544,2020 population,2,3
BOS-08-7,BOS-08-6,164,50,17992,2,1648,609,185491,0.09951456,2020 population,2,8
BOS-09-1,BOS-09-1,2545,1383,145792,23,2545,1383,145792,1.0,2020 population,1,2
BOS-09-2,BOS-09-1,153,76,9147,3,3026,1651,146747,0.0505618,2020 population,3,2
BOS-09-2,BOS-09-2,2300,1253,110956,13,3026,1651,146747,0.76007931,2020 population,3,1
BOS-09-2,BOS-09-6,573,322,26644,4,3026,1651,146747,0.18935889,2020 population,3,2
BOS-09-3,BOS-09-3,2879,1220,187808,13,5100,2395,305035,0.5645098,2020 population,2,3
BOS-09-3,BOS-09-6,2221,1175,117227,14,5100,2395,305035,0.4354902,2020 population,2,2
BOS-09-4,BOS-09-3,409,210,55239,5,6143,2200,477502,0.06657985,2020 population,3,3
BOS-09-4,BOS-09-4,1352,1122,129974,13,6143,2200,477502,0.2200879,2020 population,3,2
BOS-09-4,BOS-09-7,4382,868,292289,30,6143,2200,477502,0.71333225,2020 population,3,1
BOS-09-5,BOS-09-4,848,456,346150,16,3120,1503,666652,0.27179487,2020 population,2,2
BOS-09-5,BOS-09-5,2272,1047,320502,24,3120,1503,666652,0.72820513,2020 population,2,1
BOS-10-1,BOS-10-1,1562,760,88895,11,1562,760,88895,1.0,2020 population,1,1
BOS-10-2,BOS-10-2,2742,1133,164982,10,2742,1133,164982,1.0,2020 population,1,1
BOS-10-3,BOS-10-3,2314,947,187334,16,2314,947,187334,1.0,2020 population,1,1
BOS-10-4,BOS-10-4,3624,1677,211369,20,3624,1677,211369,1.0,2020 population,1,2
BOS-10-5,BOS-10-5,2838,1029,361835,18,2838,1029,361835,1.0,2020 population,1,1
BOS-10-6,BOS-10-6,2137,694,229591,16,2137,694,229591,1.0,2020 population,1,1
BOS-10-7,BOS-10-7,2843,1200,199196,18,2843,1200,199196,1.0,2020 population,1,1
BOS-10-8,BOS-10-4,0,0,991,1,3329,1862,461601,0.0,2020 population,2,2
BOS-10-8,BOS-10-8,3329,1862,460610,12,3329,1862,461601,1.0,2020 population,2,1
BOS-10-9,BOS-10-9,2900,1362,340578,14,2900,1362,340578,1.0,2020 population,1,2
BOS-11-1,BOS-11-1,1501,634,337200,20,1501,634,337200,1.0,2020 population,1,1
BOS-11-10,BOS-11-10,1813,864,215606,12,1813,864,216652,1.0,2020 population,2,1
BOS-11-10,BOS-19-9,0,0,1046,1,1813,864,216652,0.0,2020 population,2,3
BOS-11-2,BOS-11-2,2476,982,311421,15,2476,982,311421,1.0,2020 population,1,1
BOS-11-3,BOS-11-3,1979,827,220172,8,1979,827,220172,1.0,2020 population,1,1
BOS-11-4,BOS-11-4,3311,1377,386105,27,3311,1377,386105,1.0,2020 population,1,1
BOS-11-5,BOS-11-5,2732,1303,227774,16,2732,1303,227774,1.0,2020 population,1,1
BOS-11-6,BOS-11-6,1594,690,251103,21,1594,690,251103,1.0,2020 population,1,1
BOS-11-7,BOS-11-7,2307,1030,387777,16,2307,1030,387777,1.0,2020 population,1,1
BOS-11-8,BOS-11-8,2780,1596,557107,25,2780,1596,557107,1.0,2020 population,1,2
BOS-11-9,BOS-11-9,1263,632,179387,14,1263,632,179387,1.0,2020 population,1,1
BOS-12-1,BOS-12-1,2742,1091,403948,23,2742,1091,403948,1.0,2020 population,1,1
BOS-12-2,BOS-12-2,3548,1498,372700,23,3548,1498,372700,1.0,2020 population,1,1
BOS-12-3,BOS-12-3,1480,594,199775,15,1480,594,199775,1.0,2020 population,1,1
BOS-12-4,BOS-12-4,2065,906,218911,8,2065,906,218911,1.0,2020 population,1,1
BOS-12-5,BOS-12-5,1075,463,156805,9,1075,463,156805,1.0,2020 population,1,1
BOS-12-6,BOS-12-6,1582,603,200407,14,1582,603,200407,1.0,2020 population,1,1
BOS-12-7,BOS-12-7,4337,1732,2323788,33,4350,1735,2345674,0.99701149,2020 population,4,1
BOS-12-7,BOS-12-8,0,0,2200,1,4350,1735,2345674,0.0,2020 population,4,2
BOS-12-7,BOS-14-3,13,3,8193,4,4350,1735,2345674,0.00298851,2020 population,4,2
BOS-12-7,BOS-19-7,0,0,11493,1,4350,1735,2345674,0.0,2020 population,4,2
BOS-12-8,BOS-12-8,1602,620,184526,17,1602,620,184526,1.0,2020 population,1,2
BOS-12-9,BOS-12-9,1639,683,193221,10,1639,683,193221,1.0,2020 population,1,1
BOS-13-1,BOS-13-1,2889,987,258475,31,2889,987,258475,1.0,2020 population,1,1
BOS-13-10,BOS-13-10,2422,1133,958033,25,2422,1133,958033,1.0,2020 population,2,2
BOS-13-10,BOS-16-2,0,0,0,1,2422,1133,958033,0.0,2020 population,2,2
BOS-13-2,BOS-13-2,962,349,112945,9,962,349,112945,1.0,2020 population,1,1
BOS-13-3,BOS-13-3,3949,2013,1046058,31,3949,2013,1057570,1.0,2020 population,2,1
BOS-13-3,BOS-13-7,0,0,11512,1,3949,2013,1057570,0.0,2020 population,2,2
BOS-13-4,BOS-13-4,1881,635,232815,13,1881,635,232815,1.0,2020 population,1,1
BOS-13-5,BOS-13-5,1708,671,187263,15,1708,671,187263,1.0,2020 population,1,1
BOS-13-6,BOS-13-6,2097,836,182184,12,2097,836,182184,1.0,2020 population,1,1
BOS-13-7,BOS-07-8,0,0,2465,1,2200,1005,185061,0.0,2020 population,2,2
BOS-13-7,BOS-13-7,2200,1005,182596,13,2200,1005,185061,1.0,2020 population,2,2
BOS-13-8,BOS-13-8,2015,820,171219,11,2015,820,171219,1.0,2020 population,1,1
BOS-13-9,BOS-13-9,1981,858,196664,15,1981,858,196664,1.0,2020 population,1,1
BOS-14-1,BOS-14-1,4953,1699,574046,27,4953,1699,575544,1.0,2020 population,2,1
BOS-14-1,BOS-15-1,0,0,1498,1,4953,1699,575544,0.0,2020 population,2,2
BOS-14-10,BOS-14-10,2255,773,522443,17,2255,773,522443,1.0,2020 population,1,1
BOS-14-11,BOS-14-11,2417,810,371679,21,2417,810,371679,1.0,2020 population,1,1
BOS-14-12,BOS-14-12,1309,453,173091,21,1309,453,173091,1.0,2020 population,1,1
BOS-14-13,BOS-14-13,1765,627,202183,17,1765,627,202183,1.0,2020 population,1,1
BOS-14-14,BOS-14-14,2186,776,272039,19,2186,776,272039,1.0,2020 population,1,1
BOS-14-2,BOS-14-2,4628,1554,486471,35,4628,1554,486471,1.0,2020 population,1,1
BOS-14-3,BOS-14-3,2199,912,206389,17,2228,913,208194,0.98698384,2020 population,2,2
BOS-14-3,BOS-14-6,29,1,1805,1,2228,913,208194,0.01301616,2020 population,2,2
BOS-14-4,BOS-14-4,2677,963,306755,19,2677,963,306755,1.0,2020 population,1,1
BOS-14-5,BOS-14-5,2157,740,213164,16,2157,740,213164,1.0,2020 population,1,1
BOS-14-6,BOS-14-6,2009,740,170353,14,2009,740,170353,1.0,2020 population,1,2
BOS-14-7,BOS-14-7,2132,835,225490,13,2132,835,225490,1.0,2020 population,1,1
BOS-14-8,BOS-14-8,1828,665,957594,19,1828,665,957594,1.0,2020 population,1,1
BOS-14-9,BOS-14-9,2428,900,217037,12,2428,900,217037,1.0,2020 population,1,1
BOS-15-1,BOS-15-1,2737,1003,307439,23,2737,1003,307439,1.0,2020 population,1,2
BOS-15-2,BOS-15-2,2036,730,179546,17,2036,730,179546,1.0,2020 population,1,1
BOS-15-3,BOS-15-3,1307,509,134341,8,1307,509,134341,1.0,2020 population,1,1
BOS-15-4,BOS-15-4,3237,1143,318319,20,3656,1334,358669,0.88539387,2020 population,2,1
BOS-15-4,BOS-15-6,419,191,40350,5,3656,1334,358669,0.11460613,2020 population,2,2
BOS-15-5,BOS-15-5,2439,811,194475,18,2439,811,194475,1.0,2020 population,1,1
BOS-15-6,BOS-15-6,1485,575,348059,17,1485,575,348059,1.0,2020 population,1,2
BOS-15-7,BOS-15-7,1987,653,135567,7,1987,653,135567,1.0,2020 population,1,1
BOS-15-8,BOS-15-8,1804,643,176978,14,1804,643,176978,1.0,2020 population,1,1
BOS-15-9,BOS-15-9,1895,733,203384,11,1895,733,203384,1.0,2020 population,1,1
BOS-16-1,BOS-16-1,2142,823,296743,16,2142,823,296743,1.0,2020 population,1,1
BOS-16-10,BOS-16-10,2179,982,803436,39,2179,982,803436,1.0,2020 population,1,1
BOS-16-11,BOS-16-11,1138,493,644228,13,2092,867,791286,0.54397706,2020 population,2,1
BOS-16-11,BOS-16-8,954,374,147058,13,2092,867,791286,0.45602294,2020 population,2,2
BOS-16-12,BOS-16-12,1590,768,702480,24,1590,768,709988,1.0,2020 population,2,1
BOS-16-12,BOS-16-9,0,0,7508,3,1590,768,709988,0.0,2020 population,2,2
BOS-16-2,BOS-13-10,0,0,0,1,1378,551,890423,0.0,2020 population,2,2
BOS-16-2,BOS-16-2,1378,551,890423,43,1378,551,890423,1.0,2020 population,2,2
BOS-16-3,BOS-16-3,2518,955,254856,20,2518,955,254856,1.0,2020 population,1,1
BOS-16-4,BOS-16-4,2317,813,190438,16,2317,813,190438,1.0,2020 population,1,1
BOS-16-5,BOS-16-5,2315,957,296464,18,2315,957,296464,1.0,2020 population,1,1
BOS-16-6,BOS-16-6,3150,1298,264476,17,3150,1298,264476,1.0,2020 population,1,1
BOS-16-7,BOS-16-7,1743,756,285734,18,1743,756,285734,1.0,2020 population,1,1
BOS-16-8,BOS-16-8,2088,914,335262,25,2088,914,335262,1.0,2020 population,1,2
BOS-16-9,BOS-16-9,2131,981,355527,21,2131,981,355527,1.0,2020 population,1,2
BOS-17-1,BOS-17-1,2204,724,227754,20,2204,724,227754,1.0,2020 population,1,1
BOS-17-10,BOS-17-10,2626,997,302125,17,2626,997,302125,1.0,2020 population,1,3
BOS-17-11,BOS-17-11,984,441,100937,5,984,441,100937,1.0,2020 population,1,1
BOS-17-12,BOS-17-12,1417,495,211945,17,1417,495,211945,1.0,2020 population,1,1
BOS-17-13,BOS-17-13,1796,1064,717891,19,1796,1064,717891,1.0,2020 population,1,1
BOS-17-14,BOS-17-14,1681,808,367251,16,1681,808,367251,1.0,2020 population,2,1
BOS-17-14,BOS-18-1,0,0,0,1,1681,808,367251,0.0,2020 population,2,2
BOS-17-2,BOS-17-2,1393,482,137481,5,1393,482,137481,1.0,2020 population,1,1
BOS-17-3,BOS-17-3,2933,1075,379900,24,2933,1075,379900,1.0,2020 population,1,1
BOS-17-4,BOS-17-4,2952,1105,468286,25,2952,1105,468286,1.0,2020 population,1,1
BOS-17-5,BOS-17-5,1786,606,190619,18,1786,606,190619,1.0,2020 population,1,1
BOS-17-6,BOS-17-6,2018,834,277764,16,2018,834,277764,1.0,2020 population,1,1
BOS-17-7,BOS-17-7,1363,452,187365,11,1363,452,187365,1.0,2020 population,1,1
BOS-17-8,BOS-17-8,2007,730,318552,10,2007,730,318552,1.0,2020 population,1,1
BOS-17-9,BOS-17-9,1290,585,227227,11,1290,585,227227,1.0,2020 population,1,1
BOS-18-1,BOS-17-10,0,0,888,1,3423,1398,793666,0.0,2020 population,2,3
BOS-18-1,BOS-18-1,3423,1398,792778,24,3423,1398,793666,1.0,2020 population,2,2
BOS-18-10,BOS-18-10,2917,1219,540130,21,2917,1219,540130,1.0,2020 population,1,1
BOS-18-11,BOS-18-11,2392,1043,1153191,16,2392,1043,1153191,1.0,2020 population,1,1
BOS-18-12,BOS-18-12,2367,920,1531620,27,2367,920,1531620,1.0,2020 population,1,1
BOS-18-13,BOS-18-13,1636,578,323760,19,1636,578,323760,1.0,2020 population,1,1
BOS-18-14,BOS-18-14,1648,569,361183,15,1648,569,361183,1.0,2020 population,1,1
BOS-18-15,BOS-18-15,2540,935,528697,23,2540,935,528697,1.0,2020 population,1,1
BOS-18-16,BOS-18-16,2413,856,785594,35,2413,856,785594,1.0,2020 population,1,1
BOS-18-17,BOS-18-17,2430,906,624272,25,2430,906,624272,1.0,2020 population,1,1
BOS-18-18,BOS-18-18,2983,1427,884453,40,2983,1427,884453,1.0,2020 population,1,1
BOS-18-19,BOS-18-19,3759,1364,1884359,41,3759,1364,1884359,1.0,2020 population,1,1
BOS-18-2,BOS-17-10,0,0,1829,1,2462,989,423566,0.0,2020 population,2,3
BOS-18-2,BOS-18-2,2462,989,421737,17,2462,989,423566,1.0,2020 population,2,1
BOS-18-20,BOS-18-20,3467,1387,1692713,54,3467,1387,1692713,1.0,2020 population,1,1
BOS-18-21,BOS-18-21,3109,1320,702680,30,3109,1320,702680,1.0,2020 population,1,1
BOS-18-22,BOS-18-22,2214,857,703027,23,2214,857,703027,1.0,2020 population,1,1
BOS-18-23,BOS-18-23,2995,1312,511719,11,2995,1312,511719,1.0,2020 population,1,1
BOS-18-3,BOS-18-3,2810,1026,792209,22,2810,1026,792209,1.0,2020 population,1,1
BOS-18-4,BOS-18-4,2958,1125,577907,33,2958,1125,577907,1.0,2020 population,1,1
BOS-18-5,BOS-18-5,2464,967,450683,26,2464,967,450683,1.0,2020 population,1,1
BOS-18-6,BOS-18-6,2800,963,516840,34,2800,963,516840,1.0,2020 population,1,1
BOS-18-7,BOS-18-7,2365,863,1365503,27,2365,863,1365503,1.0,2020 population,1,1
BOS-18-8,BOS-18-8,3961,1612,1089339,31,3961,1612,1089339,1.0,2020 population,1,1
BOS-18-9,BOS-18-9,2035,836,494034,16,2035,836,494034,1.0,2020 population,1,1
BOS-19-1,BOS-19-1,1760,800,170016,9,1760,800,170016,1.0,2020 population,1,1
BOS-19-10,BOS-19-10,2571,1048,477168,25,2571,1048,477168,1.0,2020 population,1,1
BOS-19-11,BOS-19-11,2673,1014,263798,11,2673,1014,263798,1.0,2020 population,1,1
BOS-19-12,BOS-19-12,1592,731,325659,23,1592,731,325659,1.0,2020 population,1,1
BOS-19-13,BOS-19-13,1642,676,252451,12,1642,676,252451,1.0,2020 population,1,1
BOS-19-2,BOS-19-2,2223,766,2340573,44,2223,766,2340573,1.0,2020 population,1,2
BOS-19-3,BOS-10-9,9,8,1000,1,1469,707,516138,0.00612662,2020 population,3,2
BOS-19-3,BOS-19-3,1070,518,468950,18,1469,707,516138,0.72838666,2020 population,3,1
BOS-19-3,BOS-19-4,390,181,46188,1,1469,707,516138,0.26548673,2020 population,3,2
BOS-19-4,BOS-19-4,1985,903,258271,17,1985,903,258271,1.0,2020 population,1,2
BOS-19-5,BOS-19-5,1873,975,264267,11,1873,975,264267,1.0,2020 population,1,1
BOS-19-6,BOS-19-6,2165,1094,366910,26,2165,1094,366910,1.0,2020 population,1,1
BOS-19-7,BOS-11-8,16,1,4642,1,2640,1083,2144853,0.00606061,2020 population,3,2
BOS-19-7,BOS-19-7,2078,913,1376418,21,2640,1083,2144853,0.78712121,2020 population,3,2
BOS-19-7,BOS-19-9,546,169,763793,19,2640,1083,2144853,0.20681818,2020 population,3,3
BOS-19-8,BOS-19-8,1121,498,220220,10,1121,498,220220,1.0,2020 population,1,2
BOS-19-9,BOS-19-2,0,0,11926,1,1042,511,181888,0.0,2020 population,3,2
BOS-19-9,BOS-19-8,314,124,59213,2,1042,511,181888,0.30134357,2020 population,3,2
BOS-19-9,BOS-19-9,728,387,110749,6,1042,511,181888,0.69865643,2020 population,3,3
BOS-20-1,BOS-20-1,2183,847,425554,19,2183,847,425554,1.0,2020 population,1,1
BOS-20-10,BOS-20-10,2897,1198,1053345,38,2897,1198,1053345,1.0,2020 population,1,2
BOS-20-11,BOS-20-11,1014,445,314230,14,1014,445,314230,1.0,2020 population,1,1
BOS-20-12,BOS-20-12,1387,536,447124,21,1387,536,447124,1.0,2020 population,1,1
BOS-20-13,BOS-20-13,1169,526,318882,14,1169,526,318882,1.0,2020 population,1,1
BOS-20-14,BOS-20-14,1223,479,443273,19,1223,479,443273,1.0,2020 population,1,1
BOS-20-15,BOS-20-15,2580,1089,861611,40,2580,1089,861611,1.0,2020 population,1,1
BOS-20-16,BOS-20-16,2638,1257,903880,38,2638,1257,903880,1.0,2020 population,1,1
BOS-20-17,BOS-20-17,2746,1219,3063429,62,2746,1219,3063429,1.0,2020 population,1,1
BOS-20-18,BOS-20-18,1321,614,369052,12,1321,614,369052,1.0,2020 population,1,1
BOS-20-19,BOS-20-19,1420,556,376701,31,1420,556,376701,1.0,2020 population,1,1
BOS-20-2,BOS-20-2,2421,1065,427114,27,2421,1065,427114,1.0,2020 population,1,1
BOS-20-20,BOS-20-20,2807,1484,1068069,28,2807,1484,1068069,1.0,2020 population,1,1
BOS-20-3,BOS-20-10,0,0,2497,2,2720,1237,1259371,0.0,2020 population,3,2
BOS-20-3,BOS-20-21,291,181,156188,3,2720,1237,1259371,0.10698529,2020 population,3,1
BOS-20-3,BOS-20-3,2429,1056,1100686,14,2720,1237,1259371,0.89301471,2020 population,3,1
BOS-20-4,BOS-20-4,1657,738,386573,17,1657,738,386573,1.0,2020 population,1,1
BOS-20-5,BOS-20-5,2200,1004,1601446,35,2200,1004,1601446,1.0,2020 population,1,1
BOS-20-6,BOS-20-6,2012,940,1207221,33,2012,940,1207221,1.0,2020 population,1,1
BOS-20-7,BOS-20-7,1310,578,357024,19,1310,578,357024,1.0,2020 population,1,1
BOS-20-8,BOS-20-8,1609,676,316853,21,1609,676,316853,1.0,2020 population,1,1
BOS-20-9,BOS-20-9,1969,831,408001,24,1969,831,408001,1.0,2020 population,1,1
BOS-21-1,BOS-21-1,4647,2638,295905,27,4647,2638,295905,1.0,2020 population,1,1
BOS-21-10,BOS-21-10,2301,1267,143696,13,2301,1267,143696,1.0,2020 population,1,1
BOS-21-11,BOS-21-11,2804,1360,195843,10,2804,1360,207276,1.0,2020 population,3,1
BOS-21-11,BOS-21-12,0,0,4604,1,2804,1360,207276,0.0,2020 population,3,2
BOS-21-11,BOS-21-13,0,0,6829,1,2804,1360,207276,0.0,2020 population,3,2
BOS-21-12,BOS-21-12,2543,1391,158490,15,2543,1391,158490,1.0,2020 population,1,2
BOS-21-13,BOS-21-13,3152,1772,259984,16,3152,1772,259984,1.0,2020 population,1,2
BOS-21-14,BOS-21-14,1682,919,103754,9,1682,919,103754,1.0,2020 population,1,1
BOS-21-15,BOS-21-15,2000,1218,104223,11,2000,1218,105681,1.0,2020 population,2,1
BOS-21-15,BOS-21-16,0,0,1458,1,2000,1218,105681,0.0,2020 population,2,3
BOS-21-16,BOS-21-16,6175,1744,783215,16,6175,1744,783215,1.0,2020 population,1,3
BOS-21-2,BOS-21-2,5699,478,503085,49,5699,478,503085,1.0,2020 population,1,1
BOS-21-3,BOS-21-3,3923,1978,277251,25,3923,1978,277251,1.0,2020 population,1,1
BOS-21-4,BOS-21-4,2933,1281,230930,13,2933,1281,235306,1.0,2020 population,2,1
BOS-21-4,BOS-21-5,0,0,4376,2,2933,1281,235306,0.0,2020 population,2,3
BOS-21-5,BOS-21-5,2948,1485,175133,16,2948,1485,175133,1.0,2020 population,1,3
BOS-21-6,BOS-21-6,2023,771,259794,18,2023,771,259794,1.0,2020 population,1,1
BOS-21-7,BOS-21-5,0,0,6603,1,2703,1344,184728,0.0,2020 population,4,3
BOS-21-7,BOS-21-7,2703,1344,170778,7,2703,1344,184728,1.0,2020 population,4,1
BOS-21-7,BOS-21-8,0,0,3380,1,2703,1344,184728,0.0,2020 population,4,2
BOS-21-7,BOS-21-9,0,0,3967,1,2703,1344,184728,0.0,2020 population,4,2
BOS-21-8,BOS-21-8,3255,1846,142228,20,3255,1846,142228,1.0,2020 population,1,2
BOS-21-9,BOS-21-9,3495,1921,457555,21,3495,1921,457555,1.0,2020 population,1,2
BOS-22-1,BOS-22-1,4222,1910,2076857,69,4222,1910,2076857,1.0,2020 population,1,1
BOS-22-10,BOS-22-10,2279,1021,408157,15,2279,1021,408157,1.0,2020 population,1,1
BOS-22-11,BOS-22-11,1663,623,459258,23,1663,623,459258,1.0,2020 population,1,1
BOS-22-12,BOS-22-12,2206,822,619228,21,2206,822,619228,1.0,2020 population,1,1
BOS-22-13,BOS-22-13,1513,597,260770,11,1513,597,260770,1.0,2020 population,1,1
BOS-22-2,BOS-22-2,4033,1697,609557,33,4033,1697,609557,1.0,2020 population,1,1
BOS-22-3,BOS-22-3,3034,1281,404033,27,3034,1281,404033,1.0,2020 population,1,1
BOS-22-4,BOS-22-4,2067,924,325522,16,2067,924,325522,1.0,2020 population,1,1
BOS-22-5,BOS-22-5,2864,1303,798619,34,2864,1303,798619,1.0,2020 population,1,1
BOS-22-6,BOS-22-6,1862,826,173236,20,1862,826,173236,1.0,2020 population,1,1
BOS-22-7,BOS-22-7,2455,1016,348857,12,2455,1016,348857,1.0,2020 population,1,1
BOS-22-8,BOS-21-16,0,0,3199,2,2191,974,604258,0.0,2020 population,2,3
BOS-22-8,BOS-22-8,2191,974,601059,20,2191,974,604258,1.0,2020 population,2,1
BOS-22-9,BOS-22-9,2347,1071,332239,12,2347,1071,332239,1.0,2020 population,1,1
