race_id,district,precinct_id,ward,precinct,challenger,incumbent,endorsed_candidate,challenger_votes,incumbent_votes,extra_candidate_votes,two_candidate_votes,contest_ballots,challenger_share_pct,endorsed_share_pct,wu_2021_preliminary_share_pct,wu_2021_final_share_pct,wu_2025_preliminary_share_pct,wu_2021_preliminary_wu_votes_est,wu_2021_preliminary_valid_votes_est,wu_2021_final_wu_votes_est,wu_2021_final_valid_votes_est,wu_2025_preliminary_wu_votes,wu_2025_preliminary_valid_votes,outcome_note
first-suffolk,First Suffolk,BOS-13-10,13,10,Latoya Gayle,Nicholas Collins,Latoya Gayle,189,325,9,514,541,36.7704,36.7704,24.7945,46.5649,57.0962,181.0,730.0,427.0,917.0,350,613,Collins won; Gayle was endorsed by Mayor Wu.
first-suffolk,First Suffolk,BOS-13-3,13,3,Latoya Gayle,Nicholas Collins,Latoya Gayle,88,56,5,144,158,61.1111,61.1111,35.2657,75.2322,85.7923,73.0,207.0,243.0,323.0,157,183,Collins won; Gayle was endorsed by Mayor Wu.
first-suffolk,First Suffolk,BOS-13-5,13,5,Latoya Gayle,Nicholas Collins,Latoya Gayle,97,81,6,178,196,54.4944,54.4944,21.4876,74.183,61.8182,52.0,242.0,227.0,306.0,136,220,Collins won; Gayle was endorsed by Mayor Wu.
first-suffolk,First Suffolk,BOS-13-6,13,6,Latoya Gayle,Nicholas Collins,Latoya Gayle,113,90,9,203,220,55.665,55.665,28.0236,66.5148,69.1176,95.0,339.0,292.0,439.0,188,272,Collins won; Gayle was endorsed by Mayor Wu.
first-suffolk,First Suffolk,BOS-13-7,13,7,Latoya Gayle,Nicholas Collins,Latoya Gayle,121,95,1,216,240,56.0185,56.0185,36.3636,53.4615,63.1229,132.0,363.0,278.0,520.0,190,301,Collins won; Gayle was endorsed by Mayor Wu.
first-suffolk,First Suffolk,BOS-13-8,13,8,Latoya Gayle,Nicholas Collins,Latoya Gayle,113,76,0,189,202,59.7884,59.7884,30.2251,57.7566,69.4323,94.0,311.0,242.0,419.0,159,229,Collins won; Gayle was endorsed by Mayor Wu.
first-suffolk,First Suffolk,BOS-13-9,13,9,Latoya Gayle,Nicholas Collins,Latoya Gayle,159,111,2,270,291,58.8889,58.8889,28.7293,61.811,72.093,104.0,362.0,314.0,508.0,217,301,Collins won; Gayle was endorsed by Mayor Wu.
first-suffolk,First Suffolk,BOS-15-1,15,1,Latoya Gayle,Nicholas Collins,Latoya Gayle,73,87,5,160,174,45.625,45.625,14.5215,72.335,65.9389,44.0,303.0,285.0,394.0,151,229,Collins won; Gayle was endorsed by Mayor Wu.
first-suffolk,First Suffolk,BOS-15-2,15,2,Latoya Gayle,Nicholas Collins,Latoya Gayle,47,42,6,89,103,52.809,52.809,11.0048,64.7541,71.6814,23.0,209.0,158.0,244.0,81,113,Collins won; Gayle was endorsed by Mayor Wu.
first-suffolk,First Suffolk,BOS-15-3,15,3,Latoya Gayle,Nicholas Collins,Latoya Gayle,33,43,2,76,84,43.4211,43.4211,19.1176,63.9535,73.3333,26.0,136.0,110.0,172.0,77,105,Collins won; Gayle was endorsed by Mayor Wu.
first-suffolk,First Suffolk,BOS-15-4,15,4,Latoya Gayle,Nicholas Collins,Latoya Gayle,122,120,7,242,261,50.4132,50.4132,14.1643,64.2553,74.7368,44.2697,312.544,267.3889,416.1351,213,285,Collins won; Gayle was endorsed by Mayor Wu.
first-suffolk,First Suffolk,BOS-15-5,15,5,Latoya Gayle,Nicholas Collins,Latoya Gayle,71,65,5,136,147,52.2059,52.2059,15.035,69.0402,73.5849,43.0,286.0,223.0,323.0,117,159,Collins won; Gayle was endorsed by Mayor Wu.
first-suffolk,First Suffolk,BOS-15-6,15,6,Latoya Gayle,Nicholas Collins,Latoya Gayle,91,67,1,158,172,57.5949,57.5949,27.1863,56.9555,66.9811,66.7303,245.456,181.6111,318.8649,142,212,Collins won; Gayle was endorsed by Mayor Wu.
first-suffolk,First Suffolk,BOS-15-7,15,7,Latoya Gayle,Nicholas Collins,Latoya Gayle,74,49,1,123,128,60.1626,60.1626,19.5122,67.6364,69.5652,48.0,246.0,186.0,275.0,112,161,Collins won; Gayle was endorsed by Mayor Wu.
first-suffolk,First Suffolk,BOS-15-8,15,8,Latoya Gayle,Nicholas Collins,Latoya Gayle,38,68,3,106,116,35.8491,35.8491,23.8739,62.9091,68.9873,53.0,222.0,173.0,275.0,109,158,Collins won; Gayle was endorsed by Mayor Wu.
first-suffolk,First Suffolk,BOS-15-9,15,9,Latoya Gayle,Nicholas Collins,Latoya Gayle,81,36,7,117,133,69.2308,69.2308,28.9216,65.5678,69.2737,59.0,204.0,179.0,273.0,124,179,Collins won; Gayle was endorsed by Mayor Wu.
first-suffolk,First Suffolk,BOS-16-1,16,1,Latoya Gayle,Nicholas Collins,Latoya Gayle,93,68,8,161,177,57.764,57.764,27.1654,67.7233,69.1892,69.0,254.0,235.0,347.0,128,185,Collins won; Gayle was endorsed by Mayor Wu.
first-suffolk,First Suffolk,BOS-16-10,16,10,Latoya Gayle,Nicholas Collins,Latoya Gayle,81,189,5,270,286,30.0,30.0,15.4762,26.9817,50.3067,78.0,504.0,177.0,656.0,164,326,Collins won; Gayle was endorsed by Mayor Wu.
first-suffolk,First Suffolk,BOS-16-11,16,11,Latoya Gayle,Nicholas Collins,Latoya Gayle,75,151,7,226,244,33.1858,33.1858,15.4104,36.1559,49.4465,50.0459,324.7543,146.3298,404.7189,134,271,Collins won; Gayle was endorsed by Mayor Wu.
first-suffolk,First Suffolk,BOS-16-12,16,12,Latoya Gayle,Nicholas Collins,Latoya Gayle,57,400,4,457,480,12.4726,12.4726,6.9241,16.152,28.7293,52.0,751.0,136.0,842.0,156,543,Collins won; Gayle was endorsed by Mayor Wu.
first-suffolk,First Suffolk,BOS-16-2,16,2,Latoya Gayle,Nicholas Collins,Latoya Gayle,85,97,1,182,192,46.7033,46.7033,26.6212,47.3039,67.5926,78.0,293.0,193.0,408.0,146,216,Collins won; Gayle was endorsed by Mayor Wu.
first-suffolk,First Suffolk,BOS-16-3,16,3,Latoya Gayle,Nicholas Collins,Latoya Gayle,146,86,5,232,249,62.931,62.931,22.5714,66.5893,78.1022,79.0,350.0,287.0,431.0,214,274,Collins won; Gayle was endorsed by Mayor Wu.
first-suffolk,First Suffolk,BOS-16-4,16,4,Latoya Gayle,Nicholas Collins,Latoya Gayle,111,89,5,200,216,55.5,55.5,29.0123,61.2529,71.161,94.0,324.0,264.0,431.0,190,267,Collins won; Gayle was endorsed by Mayor Wu.
first-suffolk,First Suffolk,BOS-16-5,16,5,Latoya Gayle,Nicholas Collins,Latoya Gayle,143,122,14,265,293,53.9623,53.9623,25.1208,45.9272,62.0482,104.0,414.0,265.0,577.0,206,332,Collins won; Gayle was endorsed by Mayor Wu.
first-suffolk,First Suffolk,BOS-16-6,16,6,Latoya Gayle,Nicholas Collins,Latoya Gayle,180,119,6,299,327,60.2007,60.2007,24.5536,62.5,73.5537,110.0,448.0,385.0,616.0,267,363,Collins won; Gayle was endorsed by Mayor Wu.
first-suffolk,First Suffolk,BOS-16-7,16,7,Latoya Gayle,Nicholas Collins,Latoya Gayle,105,198,3,303,324,34.6535,34.6535,15.2574,29.912,47.7435,83.0,544.0,204.0,682.0,201,421,Collins won; Gayle was endorsed by Mayor Wu.
first-suffolk,First Suffolk,BOS-16-8,16,8,Latoya Gayle,Nicholas Collins,Latoya Gayle,242,293,9,535,569,45.2336,45.2336,19.0156,40.6975,59.0698,167.9541,883.2457,452.6702,1112.2811,381,645,Collins won; Gayle was endorsed by Mayor Wu.
first-suffolk,First Suffolk,BOS-16-9,16,9,Latoya Gayle,Nicholas Collins,Latoya Gayle,90,301,4,391,421,23.0179,23.0179,11.2045,22.2455,36.4162,80.0,714.0,212.0,953.0,189,519,Collins won; Gayle was endorsed by Mayor Wu.
first-suffolk,First Suffolk,BOS-17-1,17,1,Latoya Gayle,Nicholas Collins,Latoya Gayle,75,68,6,143,166,52.4476,52.4476,14.6718,73.3766,79.0816,38.0,259.0,226.0,308.0,155,196,Collins won; Gayle was endorsed by Mayor Wu.
first-suffolk,First Suffolk,BOS-17-10,17,10,Latoya Gayle,Nicholas Collins,Latoya Gayle,78,97,43,175,236,44.5714,44.5714,12.5356,68.1514,81.5094,44.0,351.0,306.0,449.0,216,265,Collins won; Gayle was endorsed by Mayor Wu.
first-suffolk,First Suffolk,BOS-17-11,17,11,Latoya Gayle,Nicholas Collins,Latoya Gayle,68,32,7,100,110,68.0,68.0,16.7568,74.1784,75.7576,31.0,185.0,158.0,213.0,100,132,Collins won; Gayle was endorsed by Mayor Wu.
first-suffolk,First Suffolk,BOS-17-12,17,12,Latoya Gayle,Nicholas Collins,Latoya Gayle,102,82,7,184,201,55.4348,55.4348,10.6109,68.4636,74.5833,33.0,311.0,254.0,371.0,179,240,Collins won; Gayle was endorsed by Mayor Wu.
first-suffolk,First Suffolk,BOS-17-13,17,13,Latoya Gayle,Nicholas Collins,Latoya Gayle,193,129,10,322,348,59.9379,59.9379,22.4949,54.6341,68.7332,110.0,489.0,336.0,615.0,255,371,Collins won; Gayle was endorsed by Mayor Wu.
first-suffolk,First Suffolk,BOS-17-14,17,14,Latoya Gayle,Nicholas Collins,Latoya Gayle,183,162,13,345,377,53.0435,53.0435,21.3389,65.0662,77.5132,102.0,478.0,393.0,604.0,293,378,Collins won; Gayle was endorsed by Mayor Wu.
first-suffolk,First Suffolk,BOS-17-2,17,2,Latoya Gayle,Nicholas Collins,Latoya Gayle,75,59,9,134,149,55.9701,55.9701,14.1463,72.0524,69.4805,29.0,205.0,165.0,229.0,107,154,Collins won; Gayle was endorsed by Mayor Wu.
first-suffolk,First Suffolk,BOS-17-3,17,3,Latoya Gayle,Nicholas Collins,Latoya Gayle,220,112,16,332,360,66.2651,66.2651,16.4329,71.3128,77.7778,82.0,499.0,440.0,617.0,280,360,Collins won; Gayle was endorsed by Mayor Wu.
first-suffolk,First Suffolk,BOS-17-4,17,4,Latoya Gayle,Nicholas Collins,Latoya Gayle,259,193,18,452,487,57.3009,57.3009,21.256,65.3603,73.2794,132.0,621.0,517.0,791.0,362,494,Collins won; Gayle was endorsed by Mayor Wu.
first-suffolk,First Suffolk,BOS-17-5,17,5,Latoya Gayle,Nicholas Collins,Latoya Gayle,50,46,2,96,103,52.0833,52.0833,12.3656,71.0526,80.0,23.0,186.0,162.0,228.0,100,125,Collins won; Gayle was endorsed by Mayor Wu.
first-suffolk,First Suffolk,BOS-17-6,17,6,Latoya Gayle,Nicholas Collins,Latoya Gayle,174,86,6,260,281,66.9231,66.9231,20.6186,70.1271,80.7818,80.0,388.0,331.0,472.0,248,307,Collins won; Gayle was endorsed by Mayor Wu.
first-suffolk,First Suffolk,BOS-17-7,17,7,Latoya Gayle,Nicholas Collins,Latoya Gayle,45,49,21,94,121,47.8723,47.8723,12.0,73.6842,72.6496,21.0,175.0,168.0,228.0,85,117,Collins won; Gayle was endorsed by Mayor Wu.
first-suffolk,First Suffolk,BOS-17-8,17,8,Latoya Gayle,Nicholas Collins,Latoya Gayle,88,70,8,158,176,55.6962,55.6962,15.2597,70.1657,79.9065,47.0,308.0,254.0,362.0,171,214,Collins won; Gayle was endorsed by Mayor Wu.
first-suffolk,First Suffolk,BOS-17-9,17,9,Latoya Gayle,Nicholas Collins,Latoya Gayle,169,87,7,256,279,66.0156,66.0156,18.3206,78.8863,83.6364,72.0,393.0,340.0,431.0,230,275,Collins won; Gayle was endorsed by Mayor Wu.
first-suffolk,First Suffolk,BOS-03-14,3,14,Latoya Gayle,Nicholas Collins,Latoya Gayle,232,138,7,370,410,62.7027,62.7027,49.7332,73.9878,83.223,170.1032,342.0313,328.1027,443.455,377,453,Collins won; Gayle was endorsed by Mayor Wu.
first-suffolk,First Suffolk,BOS-03-15,3,15,Latoya Gayle,Nicholas Collins,Latoya Gayle,94,124,2,218,238,43.1193,43.1193,50.1688,75.1975,72.9927,119.3142,237.8256,229.3146,304.9499,200,274,Collins won; Gayle was endorsed by Mayor Wu.
first-suffolk,First Suffolk,BOS-03-16,3,16,Latoya Gayle,Nicholas Collins,Latoya Gayle,197,244,6,441,493,44.6712,44.6712,40.3509,69.1937,75.0459,259.8708,644.0277,597.0488,862.8663,409,545,Collins won; Gayle was endorsed by Mayor Wu.
first-suffolk,First Suffolk,BOS-03-7,3,7,Latoya Gayle,Nicholas Collins,Latoya Gayle,114,169,6,283,320,40.2827,40.2827,40.3509,69.1937,68.8144,177.1292,438.9723,406.9512,588.1337,267,388,Collins won; Gayle was endorsed by Mayor Wu.
first-suffolk,First Suffolk,BOS-03-8,3,8,Latoya Gayle,Nicholas Collins,Latoya Gayle,180,137,9,317,346,56.7823,56.7823,50.1688,75.1975,77.628,290.2603,578.5674,557.8624,741.8633,288,371,Collins won; Gayle was endorsed by Mayor Wu.
first-suffolk,First Suffolk,BOS-04-1,4,1,Latoya Gayle,Nicholas Collins,Latoya Gayle,108,171,4,279,324,38.7097,38.7097,45.5017,69.7436,74.6736,202.7719,445.6355,419.4216,601.3766,286,383,Collins won; Gayle was endorsed by Mayor Wu.
first-suffolk,First Suffolk,BOS-04-2,4,2,Latoya Gayle,Nicholas Collins,Latoya Gayle,107,166,8,273,316,39.1941,39.1941,41.221,69.6193,64.2012,135.6323,329.0368,314.3837,451.5755,217,338,Collins won; Gayle was endorsed by Mayor Wu.
first-suffolk,First Suffolk,BOS-04-3,4,3,Latoya Gayle,Nicholas Collins,Latoya Gayle,216,185,17,401,460,53.8653,53.8653,42.912,68.7574,69.5565,236.5879,551.3325,518.7347,754.4423,345,496,Collins won; Gayle was endorsed by Mayor Wu.
first-suffolk,First Suffolk,BOS-04-4,4,4,Latoya Gayle,Nicholas Collins,Latoya Gayle,161,204,5,365,413,44.1096,44.1096,38.0943,68.1432,69.1429,203.0896,533.1237,513.4285,753.4557,363,525,Collins won; Gayle was endorsed by Mayor Wu.
first-suffolk,First Suffolk,BOS-04-5,4,5,Latoya Gayle,Nicholas Collins,Latoya Gayle,133,141,4,274,314,48.5401,48.5401,31.63,70.852,78.8265,136.104,430.2999,424.1762,598.6793,309,392,Collins won; Gayle was endorsed by Mayor Wu.
first-suffolk,First Suffolk,BOS-05-1,5,1,Latoya Gayle,Nicholas Collins,Latoya Gayle,184,102,1,286,296,64.3357,64.3357,45.6874,71.7391,88.4013,282.4369,618.1937,609.7469,849.9503,282,319,Collins won; Gayle was endorsed by Mayor Wu.
first-suffolk,First Suffolk,BOS-05-13,5,13,Latoya Gayle,Nicholas Collins,Latoya Gayle,193,176,4,369,409,52.3035,52.3035,45.6874,71.7391,71.8447,143.9125,314.9936,310.6897,433.0826,296,412,Collins won; Gayle was endorsed by Mayor Wu.
first-suffolk,First Suffolk,BOS-05-14,5,14,Latoya Gayle,Nicholas Collins,Latoya Gayle,99,165,3,264,296,37.5,37.5,45.6874,71.7391,73.0061,108.6506,237.8127,234.5634,326.9671,238,326,Collins won; Gayle was endorsed by Mayor Wu.
first-suffolk,First Suffolk,BOS-06-1,6,1,Latoya Gayle,Nicholas Collins,Latoya Gayle,139,230,7,369,392,37.6694,37.6694,42.5058,61.4845,74.1093,145.8951,343.236,323.4492,526.0666,312,421,Collins won; Gayle was endorsed by Mayor Wu.
first-suffolk,First Suffolk,BOS-06-10,6,10,Latoya Gayle,Nicholas Collins,Latoya Gayle,68,124,5,192,204,35.4167,35.4167,34.1781,49.3913,58.6667,98.0382,286.845,226.5287,458.641,132,225,Collins won; Gayle was endorsed by Mayor Wu.
first-suffolk,First Suffolk,BOS-06-11,6,11,Latoya Gayle,Nicholas Collins,Latoya Gayle,144,125,4,269,300,53.5316,53.5316,42.5058,61.4845,78.7302,122.5932,288.4154,271.7888,442.0448,248,315,Collins won; Gayle was endorsed by Mayor Wu.
first-suffolk,First Suffolk,BOS-06-12,6,12,Latoya Gayle,Nicholas Collins,Latoya Gayle,104,158,7,262,298,39.6947,39.6947,42.5058,61.4845,56.3107,180.4406,424.5086,400.0365,650.6304,232,412,Collins won; Gayle was endorsed by Mayor Wu.
first-suffolk,First Suffolk,BOS-06-2,6,2,Latoya Gayle,Nicholas Collins,Latoya Gayle,65,105,3,170,182,38.2353,38.2353,33.787,49.0337,61.8852,105.1593,311.2423,244.8758,499.4034,151,244,Collins won; Gayle was endorsed by Mayor Wu.
first-suffolk,First Suffolk,BOS-06-3,6,3,Latoya Gayle,Nicholas Collins,Latoya Gayle,70,139,4,209,233,33.4928,33.4928,33.0513,47.098,54.9091,123.7436,374.3988,265.7124,564.1691,151,275,Collins won; Gayle was endorsed by Mayor Wu.
first-suffolk,First Suffolk,BOS-06-4,6,4,Latoya Gayle,Nicholas Collins,Latoya Gayle,70,145,2,215,229,32.5581,32.5581,27.9379,38.6957,47.6987,78.0658,279.426,165.4251,427.5032,114,239,Collins won; Gayle was endorsed by Mayor Wu.
first-suffolk,First Suffolk,BOS-06-5,6,5,Latoya Gayle,Nicholas Collins,Latoya Gayle,61,168,9,229,248,26.6376,26.6376,29.5928,39.9317,52.3511,107.0675,361.802,228.4971,572.2192,167,319,Collins won; Gayle was endorsed by Mayor Wu.
first-suffolk,First Suffolk,BOS-06-6,6,6,Latoya Gayle,Nicholas Collins,Latoya Gayle,69,238,2,307,331,22.4756,22.4756,21.8253,32.9577,44.8468,95.0507,435.5066,210.3406,638.2129,161,359,Collins won; Gayle was endorsed by Mayor Wu.
first-suffolk,First Suffolk,BOS-06-7,6,7,Latoya Gayle,Nicholas Collins,Latoya Gayle,48,201,2,249,261,19.2771,19.2771,15.9053,28.8284,38.0795,66.126,415.7478,173.0094,600.1342,115,302,Collins won; Gayle was endorsed by Mayor Wu.
first-suffolk,First Suffolk,BOS-06-8,6,8,Latoya Gayle,Nicholas Collins,Latoya Gayle,67,279,4,346,365,19.3642,19.3642,17.9447,26.5727,38.149,100.4531,559.7937,208.0544,782.9636,169,443,Collins won; Gayle was endorsed by Mayor Wu.
first-suffolk,First Suffolk,BOS-06-9,6,9,Latoya Gayle,Nicholas Collins,Latoya Gayle,60,273,7,333,346,18.018,18.018,16.879,23.7966,29.8507,94.3668,559.0777,187.282,787.0115,120,402,Collins won; Gayle was endorsed by Mayor Wu.
first-suffolk,First Suffolk,BOS-07-1,7,1,Latoya Gayle,Nicholas Collins,Latoya Gayle,43,258,6,301,319,14.2857,14.2857,12.3874,23.2759,30.6011,55.0,444.0,135.0,580.0,112,366,Collins won; Gayle was endorsed by Mayor Wu.
first-suffolk,First Suffolk,BOS-07-10,7,10,Latoya Gayle,Nicholas Collins,Latoya Gayle,69,76,8,145,170,47.5862,47.5862,15.035,70.4735,56.0209,43.0,286.0,253.0,359.0,107,191,Collins won; Gayle was endorsed by Mayor Wu.
first-suffolk,First Suffolk,BOS-07-2,7,2,Latoya Gayle,Nicholas Collins,Latoya Gayle,62,239,2,301,314,20.598,20.598,20.9615,31.4325,38.3523,109.0,520.0,226.0,719.0,135,352,Collins won; Gayle was endorsed by Mayor Wu.
first-suffolk,First Suffolk,BOS-07-3,7,3,Latoya Gayle,Nicholas Collins,Latoya Gayle,75,267,4,342,356,21.9298,21.9298,21.2947,30.8081,44.6712,125.0,587.0,244.0,792.0,197,441,Collins won; Gayle was endorsed by Mayor Wu.
first-suffolk,First Suffolk,BOS-07-4,7,4,Latoya Gayle,Nicholas Collins,Latoya Gayle,52,142,10,194,211,26.8041,26.8041,23.6527,35.7955,48.3333,79.0,334.0,189.0,528.0,116,240,Collins won; Gayle was endorsed by Mayor Wu.
first-suffolk,First Suffolk,BOS-07-5,7,5,Latoya Gayle,Nicholas Collins,Latoya Gayle,108,159,5,267,281,40.4494,40.4494,33.1148,49.2341,55.137,101.0,305.0,225.0,457.0,161,292,Collins won; Gayle was endorsed by Mayor Wu.
first-suffolk,First Suffolk,BOS-07-6,7,6,Latoya Gayle,Nicholas Collins,Latoya Gayle,65,137,1,202,216,32.1782,32.1782,33.2046,50.3632,58.4314,86.0,259.0,208.0,413.0,149,255,Collins won; Gayle was endorsed by Mayor Wu.
first-suffolk,First Suffolk,BOS-07-7,7,7,Latoya Gayle,Nicholas Collins,Latoya Gayle,30,62,6,92,103,32.6087,32.6087,37.6238,61.4094,59.4937,76.0,202.0,183.0,298.0,94,158,Collins won; Gayle was endorsed by Mayor Wu.
first-suffolk,First Suffolk,BOS-07-8,7,8,Latoya Gayle,Nicholas Collins,Latoya Gayle,103,117,2,220,237,46.8182,46.8182,26.1236,47.6096,65.9864,93.0,356.0,239.0,502.0,194,294,Collins won; Gayle was endorsed by Mayor Wu.
first-suffolk,First Suffolk,BOS-07-9,7,9,Latoya Gayle,Nicholas Collins,Latoya Gayle,99,86,2,185,194,53.5135,53.5135,25.9649,45.5696,55.8559,74.0,285.0,180.0,395.0,124,222,Collins won; Gayle was endorsed by Mayor Wu.
first-suffolk,First Suffolk,BOS-08-1,8,1,Latoya Gayle,Nicholas Collins,Latoya Gayle,206,161,6,367,403,56.1308,56.1308,34.1403,72.7165,79.3617,109.1485,319.7062,308.8605,424.7459,373,470,Collins won; Gayle was endorsed by Mayor Wu.
first-suffolk,First Suffolk,BOS-08-2,8,2,Latoya Gayle,Nicholas Collins,Latoya Gayle,134,142,3,276,293,48.5507,48.5507,32.998,70.512,63.6628,99.6787,302.0751,279.9084,396.9655,219,344,Collins won; Gayle was endorsed by Mayor Wu.
first-suffolk,First Suffolk,BOS-08-6,8,6,Latoya Gayle,Nicholas Collins,Latoya Gayle,16,23,1,39,43,41.0256,41.0256,29.3814,70.4547,64.0625,81.2029,276.3753,254.4087,361.0951,41,64,Collins won; Gayle was endorsed by Mayor Wu.
first-suffolk,First Suffolk,BOS-09-1,9,1,Latoya Gayle,Nicholas Collins,Latoya Gayle,219,172,2,391,413,56.0102,56.0102,40.2823,73.291,77.5681,198.6573,493.1629,479.5787,654.3483,370,477,Collins won; Gayle was endorsed by Mayor Wu.
first-suffolk,First Suffolk,BOS-09-2,9,2,Latoya Gayle,Nicholas Collins,Latoya Gayle,144,132,3,276,301,52.1739,52.1739,34.2908,73.3083,68.6684,145.1751,423.3642,444.6464,606.5433,263,383,Collins won; Gayle was endorsed by Mayor Wu.
norfolk-suffolk,Norfolk and Suffolk,BOS-18-10,18,10,Persis Yu,Michael Rush,Michael Rush,490,183,0,673,695,72.8083,27.1917,52.2286,75.4506,84.7853,457.0,875.0,879.0,1165.0,691,815,"Yu won; Mayor Wu endorsed incumbent Michael Rush, not challenger Persis Yu."
norfolk-suffolk,Norfolk and Suffolk,BOS-18-11,18,11,Persis Yu,Michael Rush,Michael Rush,118,105,0,223,246,52.9148,47.0852,31.2684,74.8848,83.1169,106.0,339.0,325.0,434.0,256,308,"Yu won; Mayor Wu endorsed incumbent Michael Rush, not challenger Persis Yu."
norfolk-suffolk,Norfolk and Suffolk,BOS-18-12,18,12,Persis Yu,Michael Rush,Michael Rush,235,127,0,362,387,64.9171,35.0829,31.8548,64.6018,74.5721,158.0,496.0,438.0,678.0,305,409,"Yu won; Mayor Wu endorsed incumbent Michael Rush, not challenger Persis Yu."
norfolk-suffolk,Norfolk and Suffolk,BOS-18-16,18,16,Persis Yu,Michael Rush,Michael Rush,208,257,0,465,490,44.7312,55.2688,25.5116,49.0628,66.6667,187.0,733.0,445.0,907.0,356,534,"Yu won; Mayor Wu endorsed incumbent Michael Rush, not challenger Persis Yu."
norfolk-suffolk,Norfolk and Suffolk,BOS-18-17,18,17,Persis Yu,Michael Rush,Michael Rush,131,155,0,286,313,45.8042,54.1958,21.875,52.3957,75.0623,105.0,480.0,339.0,647.0,301,401,"Yu won; Mayor Wu endorsed incumbent Michael Rush, not challenger Persis Yu."
norfolk-suffolk,Norfolk and Suffolk,BOS-18-19,18,19,Persis Yu,Michael Rush,Michael Rush,219,255,0,474,513,46.2025,53.7975,24.1245,55.112,71.248,186.0,771.0,566.0,1027.0,451,633,"Yu won; Mayor Wu endorsed incumbent Michael Rush, not challenger Persis Yu."
norfolk-suffolk,Norfolk and Suffolk,BOS-18-20,18,20,Persis Yu,Michael Rush,Michael Rush,130,283,0,413,448,31.477,68.523,23.1081,40.9639,58.2638,171.0,740.0,408.0,996.0,349,599,"Yu won; Mayor Wu endorsed incumbent Michael Rush, not challenger Persis Yu."
norfolk-suffolk,Norfolk and Suffolk,BOS-18-22,18,22,Persis Yu,Michael Rush,Michael Rush,270,195,0,465,492,58.0645,41.9355,31.3253,54.5554,65.2932,234.0,747.0,497.0,911.0,412,631,"Yu won; Mayor Wu endorsed incumbent Michael Rush, not challenger Persis Yu."
norfolk-suffolk,Norfolk and Suffolk,BOS-18-23,18,23,Persis Yu,Michael Rush,Michael Rush,84,91,0,175,194,48.0,52.0,29.0566,75.0,76.2931,77.0,265.0,240.0,320.0,177,232,"Yu won; Mayor Wu endorsed incumbent Michael Rush, not challenger Persis Yu."
norfolk-suffolk,Norfolk and Suffolk,BOS-18-9,18,9,Persis Yu,Michael Rush,Michael Rush,260,142,0,402,427,64.6766,35.3234,39.576,69.8138,84.5124,224.0,566.0,525.0,752.0,442,523,"Yu won; Mayor Wu endorsed incumbent Michael Rush, not challenger Persis Yu."
norfolk-suffolk,Norfolk and Suffolk,BOS-19-10,19,10,Persis Yu,Michael Rush,Michael Rush,374,176,0,550,577,68.0,32.0,50.4881,76.864,86.8571,362.0,717.0,701.0,912.0,608,700,"Yu won; Mayor Wu endorsed incumbent Michael Rush, not challenger Persis Yu."
norfolk-suffolk,Norfolk and Suffolk,BOS-19-11,19,11,Persis Yu,Michael Rush,Michael Rush,144,88,0,232,252,62.069,37.931,46.77,82.8846,86.4789,181.0,387.0,431.0,520.0,307,355,"Yu won; Mayor Wu endorsed incumbent Michael Rush, not challenger Persis Yu."
norfolk-suffolk,Norfolk and Suffolk,BOS-19-13,19,13,Persis Yu,Michael Rush,Michael Rush,190,97,0,287,300,66.2021,33.7979,41.8675,76.9401,82.3362,139.0,332.0,347.0,451.0,289,351,"Yu won; Mayor Wu endorsed incumbent Michael Rush, not challenger Persis Yu."
norfolk-suffolk,Norfolk and Suffolk,BOS-19-2,19,2,Persis Yu,Michael Rush,Michael Rush,369,213,0,582,621,63.4021,36.5979,36.4583,71.4737,82.7103,280.0,768.0,679.0,950.0,531,642,"Yu won; Mayor Wu endorsed incumbent Michael Rush, not challenger Persis Yu."
norfolk-suffolk,Norfolk and Suffolk,BOS-19-3,19,3,Persis Yu,Michael Rush,Michael Rush,237,89,0,326,347,72.6994,27.3006,50.1014,84.9445,87.7143,179.9115,359.0946,390.4152,459.612,307,350,"Yu won; Mayor Wu endorsed incumbent Michael Rush, not challenger Persis Yu."
norfolk-suffolk,Norfolk and Suffolk,BOS-19-5,19,5,Persis Yu,Michael Rush,Michael Rush,337,109,0,446,470,75.5605,24.4395,49.3827,88.1503,89.4397,280.0,567.0,610.0,692.0,415,464,"Yu won; Mayor Wu endorsed incumbent Michael Rush, not challenger Persis Yu."
norfolk-suffolk,Norfolk and Suffolk,BOS-19-8,19,8,Persis Yu,Michael Rush,Michael Rush,354,105,0,459,494,77.1242,22.8758,46.0058,87.7025,88.6957,246.4607,535.7159,593.8791,677.1516,408,460,"Yu won; Mayor Wu endorsed incumbent Michael Rush, not challenger Persis Yu."
norfolk-suffolk,Norfolk and Suffolk,BOS-19-9,19,9,Persis Yu,Michael Rush,Michael Rush,263,57,0,320,347,82.1875,17.8125,49.5792,87.696,90.0621,200.8939,405.1977,451.6846,515.0575,290,322,"Yu won; Mayor Wu endorsed incumbent Michael Rush, not challenger Persis Yu."
norfolk-suffolk,Norfolk and Suffolk,BOS-20-1,20,1,Persis Yu,Michael Rush,Michael Rush,362,190,0,552,581,65.5797,34.4203,42.9467,66.1157,77.1475,274.0,638.0,560.0,847.0,476,617,"Yu won; Mayor Wu endorsed incumbent Michael Rush, not challenger Persis Yu."
norfolk-suffolk,Norfolk and Suffolk,BOS-20-10,20,10,Persis Yu,Michael Rush,Michael Rush,232,336,0,568,590,40.8451,59.1549,28.9017,42.8048,52.4683,250.0,865.0,467.0,1091.0,372,709,"Yu won; Mayor Wu endorsed incumbent Michael Rush, not challenger Persis Yu."
norfolk-suffolk,Norfolk and Suffolk,BOS-20-11,20,11,Persis Yu,Michael Rush,Michael Rush,181,147,0,328,340,55.1829,44.8171,37.5276,56.5863,67.5462,170.0,453.0,305.0,539.0,256,379,"Yu won; Mayor Wu endorsed incumbent Michael Rush, not challenger Persis Yu."
norfolk-suffolk,Norfolk and Suffolk,BOS-20-12,20,12,Persis Yu,Michael Rush,Michael Rush,153,222,0,375,379,40.8,59.2,26.6323,46.8531,59.2511,155.0,582.0,335.0,715.0,269,454,"Yu won; Mayor Wu endorsed incumbent Michael Rush, not challenger Persis Yu."
norfolk-suffolk,Norfolk and Suffolk,BOS-20-13,20,13,Persis Yu,Michael Rush,Michael Rush,150,162,0,312,327,48.0769,51.9231,31.384,45.3435,56.6586,161.0,513.0,297.0,655.0,234,413,"Yu won; Mayor Wu endorsed incumbent Michael Rush, not challenger Persis Yu."
norfolk-suffolk,Norfolk and Suffolk,BOS-20-14,20,14,Persis Yu,Michael Rush,Michael Rush,167,198,0,365,368,45.7534,54.2466,25.8123,40.1747,55.8252,143.0,554.0,276.0,687.0,230,412,"Yu won; Mayor Wu endorsed incumbent Michael Rush, not challenger Persis Yu."
norfolk-suffolk,Norfolk and Suffolk,BOS-20-15,20,15,Persis Yu,Michael Rush,Michael Rush,184,222,0,406,440,45.3202,54.6798,30.9668,42.9167,62.4754,205.0,662.0,412.0,960.0,318,509,"Yu won; Mayor Wu endorsed incumbent Michael Rush, not challenger Persis Yu."
norfolk-suffolk,Norfolk and Suffolk,BOS-20-16,20,16,Persis Yu,Michael Rush,Michael Rush,198,331,0,529,558,37.4291,62.5709,27.3308,38.6578,53.3784,214.0,783.0,409.0,1058.0,316,592,"Yu won; Mayor Wu endorsed incumbent Michael Rush, not challenger Persis Yu."
norfolk-suffolk,Norfolk and Suffolk,BOS-20-17,20,17,Persis Yu,Michael Rush,Michael Rush,249,321,0,570,598,43.6842,56.3158,27.3504,44.0496,55.0624,256.0,936.0,533.0,1210.0,397,721,"Yu won; Mayor Wu endorsed incumbent Michael Rush, not challenger Persis Yu."
norfolk-suffolk,Norfolk and Suffolk,BOS-20-18,20,18,Persis Yu,Michael Rush,Michael Rush,203,148,0,351,360,57.8348,42.1652,30.3719,52.9412,64.8241,147.0,484.0,324.0,612.0,258,398,"Yu won; Mayor Wu endorsed incumbent Michael Rush, not challenger Persis Yu."
norfolk-suffolk,Norfolk and Suffolk,BOS-20-19,20,19,Persis Yu,Michael Rush,Michael Rush,150,198,0,348,367,43.1034,56.8966,25.0493,39.8782,58.9147,127.0,507.0,262.0,657.0,228,387,"Yu won; Mayor Wu endorsed incumbent Michael Rush, not challenger Persis Yu."
norfolk-suffolk,Norfolk and Suffolk,BOS-20-2,20,2,Persis Yu,Michael Rush,Michael Rush,478,133,0,611,621,78.2324,21.7676,47.8708,73.1765,85.2201,326.0,681.0,622.0,850.0,542,636,"Yu won; Mayor Wu endorsed incumbent Michael Rush, not challenger Persis Yu."
norfolk-suffolk,Norfolk and Suffolk,BOS-20-20,20,20,Persis Yu,Michael Rush,Michael Rush,231,279,0,510,540,45.2941,54.7059,34.1226,50.2208,62.9496,245.0,718.0,455.0,906.0,350,556,"Yu won; Mayor Wu endorsed incumbent Michael Rush, not challenger Persis Yu."
norfolk-suffolk,Norfolk and Suffolk,BOS-20-21,20,21,Persis Yu,Michael Rush,Michael Rush,18,21,0,39,41,46.1538,53.8462,32.4607,48.1095,53.4884,19.8993,61.3026,39.4776,82.0577,23,43,"Yu won; Mayor Wu endorsed incumbent Michael Rush, not challenger Persis Yu."
norfolk-suffolk,Norfolk and Suffolk,BOS-20-3,20,3,Persis Yu,Michael Rush,Michael Rush,134,154,0,288,314,46.5278,53.4722,32.4607,48.1095,60.9977,166.1007,511.6974,329.5224,684.9423,269,441,"Yu won; Mayor Wu endorsed incumbent Michael Rush, not challenger Persis Yu."
norfolk-suffolk,Norfolk and Suffolk,BOS-20-4,20,4,Persis Yu,Michael Rush,Michael Rush,437,98,0,535,551,81.6822,18.3178,52.1951,81.7829,89.2982,321.0,615.0,633.0,774.0,509,570,"Yu won; Mayor Wu endorsed incumbent Michael Rush, not challenger Persis Yu."
norfolk-suffolk,Norfolk and Suffolk,BOS-20-5,20,5,Persis Yu,Michael Rush,Michael Rush,197,256,0,453,482,43.4879,56.5121,29.1173,43.6635,55.1724,221.0,759.0,410.0,939.0,320,580,"Yu won; Mayor Wu endorsed incumbent Michael Rush, not challenger Persis Yu."
norfolk-suffolk,Norfolk and Suffolk,BOS-20-6,20,6,Persis Yu,Michael Rush,Michael Rush,318,314,0,632,657,50.3165,49.6835,36.3844,53.4838,62.4826,318.0,874.0,545.0,1019.0,448,717,"Yu won; Mayor Wu endorsed incumbent Michael Rush, not challenger Persis Yu."
norfolk-suffolk,Norfolk and Suffolk,BOS-20-7,20,7,Persis Yu,Michael Rush,Michael Rush,206,137,0,343,351,60.0583,39.9417,35.0093,56.5598,67.381,188.0,537.0,388.0,686.0,283,420,"Yu won; Mayor Wu endorsed incumbent Michael Rush, not challenger Persis Yu."
norfolk-suffolk,Norfolk and Suffolk,BOS-20-8,20,8,Persis Yu,Michael Rush,Michael Rush,291,140,0,431,441,67.5174,32.4826,44.898,64.8567,78.0911,220.0,490.0,430.0,663.0,360,461,"Yu won; Mayor Wu endorsed incumbent Michael Rush, not challenger Persis Yu."
norfolk-suffolk,Norfolk and Suffolk,BOS-20-9,20,9,Persis Yu,Michael Rush,Michael Rush,322,138,0,460,472,70.0,30.0,46.2867,66.0274,78.3019,268.0,579.0,482.0,730.0,415,530,"Yu won; Mayor Wu endorsed incumbent Michael Rush, not challenger Persis Yu."
suffolk-middlesex,Suffolk and Middlesex,BOS-21-1,21,1,Daniel Lander,Will Brownsberger,Daniel Lander,169,102,0,271,284,62.3616,62.3616,52.2648,79.3103,86.2676,150.0,287.0,345.0,435.0,245,284,Brownsberger won the districtwide recount by 35 votes; Lander was endorsed by Mayor Wu.
suffolk-middlesex,Suffolk and Middlesex,BOS-21-10,21,10,Daniel Lander,Will Brownsberger,Daniel Lander,191,64,0,255,270,74.902,74.902,54.0984,80.0587,83.0709,132.0,244.0,273.0,341.0,211,254,Brownsberger won the districtwide recount by 35 votes; Lander was endorsed by Mayor Wu.
suffolk-middlesex,Suffolk and Middlesex,BOS-21-11,21,11,Daniel Lander,Will Brownsberger,Daniel Lander,174,92,0,266,279,65.4135,65.4135,59.5318,81.7978,86.5052,178.0,299.0,364.0,445.0,250,289,Brownsberger won the districtwide recount by 35 votes; Lander was endorsed by Mayor Wu.
suffolk-middlesex,Suffolk and Middlesex,BOS-21-12,21,12,Daniel Lander,Will Brownsberger,Daniel Lander,130,109,0,239,264,54.3933,54.3933,34.3949,72.1973,81.9277,108.0,314.0,322.0,446.0,204,249,Brownsberger won the districtwide recount by 35 votes; Lander was endorsed by Mayor Wu.
suffolk-middlesex,Suffolk and Middlesex,BOS-21-13,21,13,Daniel Lander,Will Brownsberger,Daniel Lander,203,161,0,364,387,55.7692,55.7692,43.2892,70.1429,78.125,229.0,529.0,491.0,700.0,350,448,Brownsberger won the districtwide recount by 35 votes; Lander was endorsed by Mayor Wu.
suffolk-middlesex,Suffolk and Middlesex,BOS-21-14,21,14,Daniel Lander,Will Brownsberger,Daniel Lander,122,70,0,192,203,63.5417,63.5417,54.6512,80.6324,88.601,94.0,172.0,204.0,253.0,171,193,Brownsberger won the districtwide recount by 35 votes; Lander was endorsed by Mayor Wu.
suffolk-middlesex,Suffolk and Middlesex,BOS-21-15,21,15,Daniel Lander,Will Brownsberger,Daniel Lander,163,80,0,243,257,67.0782,67.0782,67.4107,82.8488,91.8552,151.0,224.0,285.0,344.0,203,221,Brownsberger won the districtwide recount by 35 votes; Lander was endorsed by Mayor Wu.
suffolk-middlesex,Suffolk and Middlesex,BOS-21-16,21,16,Daniel Lander,Will Brownsberger,Daniel Lander,176,183,0,359,381,49.0251,49.0251,47.4874,74.9522,78.7966,189.0,398.0,392.0,523.0,275,349,Brownsberger won the districtwide recount by 35 votes; Lander was endorsed by Mayor Wu.
suffolk-middlesex,Suffolk and Middlesex,BOS-21-2,21,2,Daniel Lander,Will Brownsberger,Daniel Lander,26,10,0,36,39,72.2222,72.2222,54.3478,77.7778,88.8889,25.0,46.0,63.0,81.0,40,45,Brownsberger won the districtwide recount by 35 votes; Lander was endorsed by Mayor Wu.
suffolk-middlesex,Suffolk and Middlesex,BOS-21-3,21,3,Daniel Lander,Will Brownsberger,Daniel Lander,115,44,0,159,168,72.327,72.327,60.5263,82.0513,88.2353,92.0,152.0,192.0,234.0,120,136,Brownsberger won the districtwide recount by 35 votes; Lander was endorsed by Mayor Wu.
suffolk-middlesex,Suffolk and Middlesex,BOS-21-4,21,4,Daniel Lander,Will Brownsberger,Daniel Lander,96,48,0,144,150,66.6667,66.6667,63.8462,88.7324,88.0597,83.0,130.0,189.0,213.0,118,134,Brownsberger won the districtwide recount by 35 votes; Lander was endorsed by Mayor Wu.
suffolk-middlesex,Suffolk and Middlesex,BOS-21-5,21,5,Daniel Lander,Will Brownsberger,Daniel Lander,169,84,0,253,262,66.7984,66.7984,62.0253,87.4652,93.1159,147.0,237.0,314.0,359.0,257,276,Brownsberger won the districtwide recount by 35 votes; Lander was endorsed by Mayor Wu.
suffolk-middlesex,Suffolk and Middlesex,BOS-21-6,21,6,Daniel Lander,Will Brownsberger,Daniel Lander,156,123,0,279,294,55.914,55.914,54.9242,79.4286,80.4348,145.0,264.0,278.0,350.0,222,276,Brownsberger won the districtwide recount by 35 votes; Lander was endorsed by Mayor Wu.
suffolk-middlesex,Suffolk and Middlesex,BOS-21-7,21,7,Daniel Lander,Will Brownsberger,Daniel Lander,155,90,0,245,257,63.2653,63.2653,54.0741,82.0442,84.8214,146.0,270.0,297.0,362.0,190,224,Brownsberger won the districtwide recount by 35 votes; Lander was endorsed by Mayor Wu.
suffolk-middlesex,Suffolk and Middlesex,BOS-21-8,21,8,Daniel Lander,Will Brownsberger,Daniel Lander,227,87,0,314,329,72.293,72.293,60.0,86.3109,89.3939,171.0,285.0,372.0,431.0,295,330,Brownsberger won the districtwide recount by 35 votes; Lander was endorsed by Mayor Wu.
suffolk-middlesex,Suffolk and Middlesex,BOS-21-9,21,9,Daniel Lander,Will Brownsberger,Daniel Lander,232,106,0,338,355,68.6391,68.6391,51.1254,81.6514,82.8645,159.0,311.0,356.0,436.0,324,391,Brownsberger won the districtwide recount by 35 votes; Lander was endorsed by Mayor Wu.
suffolk-middlesex,Suffolk and Middlesex,BOS-22-1,22,1,Daniel Lander,Will Brownsberger,Daniel Lander,169,113,0,282,308,59.9291,59.9291,49.7354,74.9091,80.805,188.0,378.0,412.0,550.0,261,323,Brownsberger won the districtwide recount by 35 votes; Lander was endorsed by Mayor Wu.
suffolk-middlesex,Suffolk and Middlesex,BOS-22-10,22,10,Daniel Lander,Will Brownsberger,Daniel Lander,222,120,0,342,361,64.9123,64.9123,51.6209,67.6525,79.1667,207.0,401.0,366.0,541.0,266,336,Brownsberger won the districtwide recount by 35 votes; Lander was endorsed by Mayor Wu.
suffolk-middlesex,Suffolk and Middlesex,BOS-22-11,22,11,Daniel Lander,Will Brownsberger,Daniel Lander,155,110,0,265,274,58.4906,58.4906,48.913,60.6516,74.0,135.0,276.0,242.0,399.0,185,250,Brownsberger won the districtwide recount by 35 votes; Lander was endorsed by Mayor Wu.
suffolk-middlesex,Suffolk and Middlesex,BOS-22-12,22,12,Daniel Lander,Will Brownsberger,Daniel Lander,125,102,0,227,243,55.0661,55.0661,39.4984,55.7214,69.5971,126.0,319.0,224.0,402.0,190,273,Brownsberger won the districtwide recount by 35 votes; Lander was endorsed by Mayor Wu.
suffolk-middlesex,Suffolk and Middlesex,BOS-22-13,22,13,Daniel Lander,Will Brownsberger,Daniel Lander,107,103,0,210,228,50.9524,50.9524,46.5812,62.7692,81.9512,109.0,234.0,204.0,325.0,168,205,Brownsberger won the districtwide recount by 35 votes; Lander was endorsed by Mayor Wu.
suffolk-middlesex,Suffolk and Middlesex,BOS-22-2,22,2,Daniel Lander,Will Brownsberger,Daniel Lander,268,159,0,427,456,62.7635,62.7635,58.6864,78.0381,82.9099,277.0,472.0,533.0,683.0,359,433,Brownsberger won the districtwide recount by 35 votes; Lander was endorsed by Mayor Wu.
suffolk-middlesex,Suffolk and Middlesex,BOS-22-3,22,3,Daniel Lander,Will Brownsberger,Daniel Lander,239,148,0,387,416,61.7571,61.7571,49.642,68.2566,77.4684,208.0,419.0,415.0,608.0,306,395,Brownsberger won the districtwide recount by 35 votes; Lander was endorsed by Mayor Wu.
suffolk-middlesex,Suffolk and Middlesex,BOS-22-4,22,4,Daniel Lander,Will Brownsberger,Daniel Lander,200,163,0,363,373,55.0964,55.0964,52.7624,73.7705,84.9727,191.0,362.0,405.0,549.0,311,366,Brownsberger won the districtwide recount by 35 votes; Lander was endorsed by Mayor Wu.
suffolk-middlesex,Suffolk and Middlesex,BOS-22-5,22,5,Daniel Lander,Will Brownsberger,Daniel Lander,159,76,0,235,245,67.6596,67.6596,50.2283,76.9679,82.5328,110.0,219.0,264.0,343.0,189,229,Brownsberger won the districtwide recount by 35 votes; Lander was endorsed by Mayor Wu.
suffolk-middlesex,Suffolk and Middlesex,BOS-22-6,22,6,Daniel Lander,Will Brownsberger,Daniel Lander,114,74,0,188,197,60.6383,60.6383,46.0581,71.6867,76.7956,111.0,241.0,238.0,332.0,139,181,Brownsberger won the districtwide recount by 35 votes; Lander was endorsed by Mayor Wu.
suffolk-middlesex,Suffolk and Middlesex,BOS-22-7,22,7,Daniel Lander,Will Brownsberger,Daniel Lander,192,148,0,340,351,56.4706,56.4706,52.0305,68.1004,79.6791,205.0,394.0,380.0,558.0,298,374,Brownsberger won the districtwide recount by 35 votes; Lander was endorsed by Mayor Wu.
suffolk-middlesex,Suffolk and Middlesex,BOS-22-8,22,8,Daniel Lander,Will Brownsberger,Daniel Lander,112,118,0,230,245,48.6957,48.6957,53.7954,66.9767,76.6917,163.0,303.0,288.0,430.0,204,266,Brownsberger won the districtwide recount by 35 votes; Lander was endorsed by Mayor Wu.
suffolk-middlesex,Suffolk and Middlesex,BOS-22-9,22,9,Daniel Lander,Will Brownsberger,Daniel Lander,141,111,0,252,262,55.9524,55.9524,48.9933,65.9619,74.4681,146.0,298.0,312.0,473.0,210,282,Brownsberger won the districtwide recount by 35 votes; Lander was endorsed by Mayor Wu.
suffolk-middlesex,Suffolk and Middlesex,BOS-04-10,4,10,Daniel Lander,Will Brownsberger,Daniel Lander,20,25,0,45,48,44.4444,44.4444,52.7637,77.2822,86.9565,23.2357,44.0373,52.975,68.5475,40,46,Brownsberger won the districtwide recount by 35 votes; Lander was endorsed by Mayor Wu.
suffolk-middlesex,Suffolk and Middlesex,BOS-04-12,4,12,Daniel Lander,Will Brownsberger,Daniel Lander,33,31,0,64,66,51.5625,51.5625,40.8652,76.4675,77.1084,45.8912,112.299,120.0033,156.9337,64,83,Brownsberger won the districtwide recount by 35 votes; Lander was endorsed by Mayor Wu.
suffolk-middlesex,Suffolk and Middlesex,BOS-05-10,5,10,Daniel Lander,Will Brownsberger,Daniel Lander,91,57,0,148,158,61.4865,61.4865,47.8723,74.8744,77.439,116.2743,242.884,256.6647,342.7937,127,164,Brownsberger won the districtwide recount by 35 votes; Lander was endorsed by Mayor Wu.
suffolk-middlesex,Suffolk and Middlesex,BOS-05-12,5,12,Daniel Lander,Will Brownsberger,Daniel Lander,94,61,0,155,163,60.6452,60.6452,52.3845,81.9518,86.0606,119.1046,227.3662,282.9875,345.3099,142,165,Brownsberger won the districtwide recount by 35 votes; Lander was endorsed by Mayor Wu.
suffolk-middlesex,Suffolk and Middlesex,BOS-05-15,5,15,Daniel Lander,Will Brownsberger,Daniel Lander,67,105,0,172,186,38.9535,38.9535,46.1243,69.6755,70.6731,102.9603,223.2237,231.1298,331.7232,147,208,Brownsberger won the districtwide recount by 35 votes; Lander was endorsed by Mayor Wu.
suffolk-middlesex,Suffolk and Middlesex,BOS-05-2,5,2,Daniel Lander,Will Brownsberger,Daniel Lander,119,92,0,211,234,56.3981,56.3981,52.0565,81.9245,85.098,115.8954,222.6338,275.0125,335.6901,217,255,Brownsberger won the districtwide recount by 35 votes; Lander was endorsed by Mayor Wu.
